location_id,eccc_station_id,station_name,candidate_rank,lon,dist_km,elev_m,elevation_difference_m,start_year,end_year,utc_offset_hours
2,31688,TORONTO CITY,1,-79.4,6.15,112.5,61.5,2002,2026,-5.0
2,48549,TORONTO CITY CENTRE,2,-79.39611,10.47,76.8,97.2,2009,2026,-5.0
2,51459,TORONTO INTL A,3,-79.63056,19.87,173.4,0.6,2013,2026,-5.0
2,5097,TORONTO LESTER B. PEARSON INT'L A,4,-79.63056,19.86,173.4,0.6,1953,2013,-5.0
2,5085,TORONTO ISLAND A,5,-79.395,10.34,76.5,97.5,1957,2006,-5.0
5,51157,MONTREAL INTL A,1,-73.74083,4.34,36.0,9.0,2013,2026,-5.0
5,30165,MONTREAL/PIERRE ELLIOTT TRUDEAU INTL,2,-73.74167,4.66,32.1,5.1,2008,2026,-5.0
5,48374,MONTREAL/ST-HUBERT,3,-73.41694,23.88,27.4,0.4,2009,2026,-5.0
5,5415,MONTREAL/PIERRE ELLIOTT TRUDEAU INTL A,4,-73.75,5.01,36.0,9.0,1953,2013,-5.0
5,5490,MONTREAL/ST-HUBERT A,5,-73.41667,23.9,27.4,0.4,1953,2005,-5.0
11,27211,CALGARY INT'L CS,1,-114.0003,9.13,1081.9,29.9,2008,2026,-7.0
11,50430,CALGARY INTL A,2,-114.01333,10.19,1099.1,47.1,2012,2026,-7.0
11,42725,STRATHMORE AGDM,3,-113.28333,53.81,967.0,85.0,2004,2024,-7.0
11,2205,CALGARY INT'L A,4,-114.02028,9.14,1084.1,32.1,1953,2012,-7.0
14,49568,OTTAWA INTL A,1,-75.66667,18.44,114.9,8.1,2011,2026,-5.0
14,30578,OTTAWA CDA RCS,2,-75.71667,21.71,79.2,43.8,2000,2026,-5.0
14,50719,OTTAWA GATINEAU A,3,-75.56361,41.05,64.3,58.7,2012,2026,-5.0
14,4337,OTTAWA MACDONALD-CARTIER INT'L A,4,-75.66917,18.71,114.0,9.0,1953,2011,-5.0
14,8375,GATINEAU A,5,-75.56667,40.45,64.3,58.7,1981,2012,-5.0
15,27214,EDMONTON BLATCHFORD,1,-113.51667,6.02,671.0,7.0,1999,2026,-7.0
15,1868,EDMONTON NAMAO A,2,-113.46667,16.52,687.9,23.9,1955,2026,-7.0
15,50149,EDMONTON INTL A,3,-113.57944,23.86,723.3,59.3,2012,2026,-7.0
15,1867,EDMONTON CITY CENTRE A,4,-113.51833,6.07,670.6,6.6,1953,2005,-7.0
15,1865,EDMONTON INT'L A,5,-113.58333,23.2,723.3,59.3,1961,2012,-7.0
23,28051,WINNIPEG THE FORKS,1,-97.12945,3.35,230.0,15.0,1999,2026,-6.0
23,51097,WINNIPEG INTL A,2,-97.24,7.88,238.7,6.3,2013,2026,-6.0
23,27174,WINNIPEG A CS,3,-97.24944,8.88,238.7,6.3,2013,2026,-6.0
23,3698,WINNIPEG RICHARDSON INT'L A,4,-97.23333,8.05,238.7,6.3,1953,2013,-6.0
23,47407,WINNIPEG RICHARDSON AWOS,5,-97.23333,8.05,238.7,6.3,2008,2013,-6.0
31,888,VANCOUVER HARBOUR CS,1,-123.12187,4.63,2.5,67.5,1976,2026,-8.0
31,51442,VANCOUVER INTL A,2,-123.18389,8.47,4.3,65.7,2013,2026,-8.0
31,51357,VANCOUVER SEA ISLAND CCG,3,-123.18724,9.71,2.1,67.9,2013,2026,-8.0
31,889,VANCOUVER INT'L A,4,-123.18194,8.36,4.3,65.7,1953,2013,-8.0
31,192,NANAIMO A,5,-123.87,59.49,28.0,42.0,1954,2013,-8.0
37,27529,HAMILTON RBG CS,1,-79.90833,5.86,102.0,151.0,2000,2026,-5.0
37,49908,HAMILTON A,2,-79.935,9.13,237.7,15.3,2011,2026,-5.0
37,7868,BURLINGTON PIERS (AUT),3,-79.8,13.84,77.4,175.6,1994,2026,-5.0
37,5097,TORONTO LESTER B. PEARSON INT'L A,4,-79.63056,54.01,173.4,79.6,1953,2013,-5.0
37,4932,HAMILTON A,5,-79.93418,9.36,237.7,15.3,1970,2011,-5.0
41,27377,STE-FOY (U. LAVAL),1,-71.2875,7.79,91.4,80.4,1996,2026,-5.0
41,26892,QUEBEC/JEAN LESAGE INTL,2,-71.38167,11.02,60.0,49.0,2005,2026,-5.0
41,51457,QUEBEC INTL A,3,-71.39333,12.45,74.4,63.4,2013,2026,-5.0
41,5251,QUEBEC/JEAN LESAGE INTL A,4,-71.38333,11.31,74.4,63.4,1953,2013,-5.0
41,5293,VALCARTIER A,5,-71.50361,20.27,167.6,156.6,1978,2026,-5.0
54,50620,HALIFAX STANFIELD INT'L A,1,-63.50861,26.69,145.4,96.4,2012,2026,-4.0
54,53938,HALIFAX STANFIELD INT'L A,2,-63.50861,26.69,145.4,96.4,2019,2026,-4.0
54,6465,SHEARWATER A,3,-63.5,34.22,44.0,5.0,1953,2026,-4.0
54,6358,HALIFAX STANFIELD INT'L A,4,-63.50001,26.0,145.4,96.4,1961,2012,-4.0
54,10945,SHEARWATER JETTY,5,-63.52333,36.02,5.5,43.5,1994,2026,-4.0
56,50093,LONDON A,1,-81.15111,11.3,278.0,26.0,2012,2026,-5.0
56,10999,LONDON CS,2,-81.15,11.38,278.0,26.0,1994,2026,-5.0
56,27528,DELHI CS,3,-80.55,56.75,231.7,20.3,1999,2026,-5.0
56,4789,LONDON INT'L AIRPORT,4,-81.15111,11.3,278.0,26.0,1953,2012,-5.0
94,50091,SASKATOON INTL A,1,-106.7,4.8,504.1,20.1,2012,2026,-6.0
94,47707,SASKATOON RCS,2,-106.71889,6.03,504.1,20.1,2008,2026,-6.0
94,3328,SASKATOON DIEFENBAKER INT'L A,3,-106.71667,5.52,504.1,20.1,1953,2012,-6.0
94,6872,SASKATOON KERNEN FARM,4,-106.55,6.48,510.0,26.0,1996,2006,-6.0
99,48569,KITCHENER/WATERLOO,1,-80.37861,8.61,321.6,4.4,2010,2026,-5.0
99,41983,ELORA RCS,2,-80.41667,25.78,376.4,50.4,2003,2026,-5.0
99,53378,BRANTFORD AIRPORT,3,-80.33139,33.53,245.5,80.5,2014,2026,-5.0
99,4932,HAMILTON A,4,-79.93418,51.53,237.7,88.3,1970,2011,-5.0
99,4832,WATERLOO WELLINGTON A,5,-80.38333,7.72,317.0,9.0,1966,2002,-5.0
109,54738,WINDSOR A,1,-82.95528,2.96,189.6,0.4,2018,2026,-5.0
109,30266,HARROW CDA AUTO,2,-82.9,29.25,191.0,1.0,2000,2026,-5.0
109,52838,WINDSOR A,3,-82.95528,2.96,189.6,0.4,2014,2018,-5.0
109,4716,WINDSOR A,4,-82.95556,2.97,189.6,0.4,1953,2014,-5.0
111,28011,REGINA RCS,1,-104.66667,3.73,577.3,0.3,1996,2026,-6.0
111,51441,REGINA INTL A,2,-104.66611,3.79,577.6,0.6,2013,2026,-6.0
111,3002,REGINA INT'L A,3,-104.66667,3.73,577.6,0.6,1953,2013,-6.0
149,48649,OSHAWA,1,-78.88334,1.74,139.9,34.9,2010,2026,-5.0
149,31688,TORONTO CITY,2,-79.4,51.93,112.5,7.5,2002,2026,-5.0
149,48952,PETERBOROUGH A,3,-78.36333,52.11,191.4,86.4,2010,2026,-5.0
149,5085,TORONTO ISLAND A,4,-79.395,54.18,76.5,28.5,1957,2006,-5.0
149,5186,PETERBOROUGH A,5,-78.36667,52.14,191.4,86.4,1969,2005,-5.0
150,48371,SHERBROOKE,1,-71.69139,21.59,241.4,66.4,2009,2026,-5.0
150,30171,SHERBROOKE A,2,-71.68333,22.11,241.4,66.4,2004,2009,-5.0
150,5530,SHERBROOKE A,3,-71.68333,22.11,241.4,66.4,1962,2005,-5.0
156,50840,SUDBURY A,1,-80.79778,18.7,348.4,57.4,2013,2026,-5.0
156,49508,SUDBURY CLIMATE,2,-80.79613,18.95,348.0,57.0,2011,2026,-5.0
156,4132,SUDBURY A,3,-80.79778,18.7,348.4,57.4,1954,2013,-5.0
167,50308,ABBOTSFORD A,1,-122.36,7.34,59.1,54.9,2011,2026,-8.0
167,54238,ABBOTSFORD A,2,-122.36,7.34,59.1,54.9,2016,2026,-8.0
167,6830,PITT MEADOWS CS,3,-122.69002,33.05,5.0,109.0,1994,2026,-8.0
167,702,ABBOTSFORD A,4,-122.36,7.34,59.1,54.9,1953,2012,-8.0
167,925,WHITE ROCK CAMPBELL SCIENTIFIC,5,-122.78389,36.68,13.0,101.0,1994,2026,-8.0
175,27604,EGBERT CS,1,-79.78333,16.43,251.0,18.0,2000,2026,-5.0
175,42183,BARRIE-ORO,2,-79.55,17.08,289.0,20.0,2003,2026,-5.0
175,10955,COLLINGWOOD,3,-80.21667,45.16,178.3,90.7,1994,2023,-5.0
175,7697,BARRIE (AUT),4,-79.78333,8.41,295.0,26.0,1994,2003,-5.0
175,10753,EGBERT (AUT),5,-79.78333,16.43,251.0,18.0,1990,1993,-5.0
182,5911,JONQUIERE,1,-71.1425,6.68,135.6,51.6,1994,2026,-5.0
182,5889,BAGOTVILLE A,2,-71.0,9.44,159.1,75.1,1953,2026,-5.0
183,51117,KELOWNA UBCO,1,-119.40021,7.08,456.0,106.0,2012,2026,-8.0
183,48369,KELOWNA,2,-119.37778,9.43,433.1,83.1,2009,2026,-8.0
183,46987,VERNON AUTO,3,-119.19353,41.78,482.0,132.0,2007,2026,-8.0
183,1053,PENTICTON A,4,-119.60222,48.08,344.4,5.6,1953,2012,-8.0
183,1001,KELOWNA A,5,-119.37778,9.32,429.5,79.5,1959,2005,-8.0
184,48569,KITCHENER/WATERLOO,1,-80.37861,14.62,321.6,13.4,2010,2026,-5.0
184,41983,ELORA RCS,2,-80.41667,18.84,376.4,41.4,2003,2026,-5.0
184,27529,HAMILTON RBG CS,3,-79.90833,38.44,102.0,233.0,2000,2026,-5.0
184,5097,TORONTO LESTER B. PEARSON INT'L A,4,-79.63056,51.02,173.4,161.6,1953,2013,-5.0
184,4932,HAMILTON A,5,-79.93418,47.89,237.7,97.3,1970,2011,-5.0
188,51698,TROIS RIVIERES A,1,-72.68056,5.48,60.7,44.7,2013,2026,-5.0
188,8321,TROIS-RIVIERES,2,-72.68333,5.57,62.2,46.2,1963,2026,-5.0
188,10764,TROIS-RIVIERES,3,-72.51611,7.35,6.0,10.0,1994,2026,-5.0
188,27646,SHAWINIGAN,4,-72.73333,24.19,110.0,94.0,1999,2026,-5.0
194,50131,ST. CATHARINES / NIAGARA DISTRICT A,1,-79.17167,7.16,97.8,4.2,2012,2026,-5.0
194,53000,ST CATHARINES A,2,-79.17111,7.21,97.8,4.2,2014,2026,-5.0
194,7790,PORT WELLER (AUT),3,-79.21667,8.31,79.0,23.0,1993,2026,-5.0
194,5085,TORONTO ISLAND A,4,-79.395,50.87,76.5,25.5,1957,2006,-5.0
194,4683,ST CATHARINES A,5,-79.16667,7.75,97.8,4.2,1971,2012,-5.0
199,50428,KINGSTON A,1,-76.59667,9.34,92.4,9.4,2012,2026,-5.0
199,52985,KINGSTON A,2,-76.59667,9.34,92.4,9.4,2014,2026,-5.0
199,47267,KINGSTON CLIMATE,3,-76.59944,9.67,93.0,10.0,2008,2026,-5.0
199,4295,KINGSTON A,4,-76.59667,9.74,92.4,9.4,1967,2012,-5.0
199,7671,KINGSTON (AUT),5,-76.6,10.09,93.0,10.0,1994,1994,-5.0
246,48871,ST JOHNS WEST CLIMATE,1,-52.78334,12.99,110.0,1.0,2010,2026,-3.5
246,50089,ST. JOHN'S INTL A,2,-52.7525,24.28,140.5,31.5,2012,2026,-3.5
246,27115,ST JOHN'S WEST CDA CS,3,-52.78472,13.26,114.0,5.0,1999,2013,-3.5
246,6720,ST JOHN'S A,4,-52.74278,24.67,140.5,31.5,1953,2012,-3.5
249,49389,THUNDER BAY,1,-89.32167,5.92,199.3,11.3,2012,2026,-5.0
249,50132,THUNDER BAY A,2,-89.32167,5.92,199.3,11.3,2012,2026,-5.0
249,30682,THUNDER BAY CS,3,-89.32722,6.39,199.4,11.4,2000,2026,-5.0
249,4055,THUNDER BAY A,4,-89.32723,6.39,199.0,11.0,1953,2012,-5.0
264,53378,BRANTFORD AIRPORT,1,-80.33139,5.21,245.5,45.5,2014,2026,-5.0
264,49908,HAMILTON A,2,-79.935,27.44,237.7,37.7,2011,2026,-5.0
264,27529,HAMILTON RBG CS,3,-79.90833,33.13,102.0,98.0,2000,2026,-5.0
264,4932,HAMILTON A,4,-79.93418,27.49,237.7,37.7,1970,2011,-5.0
264,4832,WATERLOO WELLINGTON A,5,-80.38333,33.89,317.0,117.0,1966,2002,-5.0
265,52118,CHATHAM KENT,1,-82.0825,11.54,196.6,13.6,2014,2026,-5.0
265,32473,RIDGETOWN RCS,2,-81.88333,21.17,205.7,22.7,2003,2026,-5.0
265,9006,ERIEAU (AUT),3,-81.90014,25.58,178.0,5.0,1994,2023,-5.0
272,55018,RED DEER REGIONAL A,1,-113.89444,12.9,904.6,48.6,2020,2026,-7.0
272,10906,LACOMBE CDA 2,2,-113.75583,18.75,860.0,4.0,1994,2026,-7.0
272,51440,RED DEER REGIONAL A,3,-113.89444,12.9,904.6,48.6,2014,2021,-7.0
272,2134,RED DEER A,4,-113.89306,13.21,904.6,48.6,1953,2014,-7.0
276,51318,NANAIMO A,1,-123.87,15.19,28.0,12.0,2013,2026,-8.0
276,52941,NANAIMO A,2,-123.87,15.19,28.0,12.0,2014,2026,-8.0
276,46728,NORTH COWICHAN,3,-123.71889,43.07,44.8,28.8,2007,2026,-8.0
276,889,VANCOUVER INT'L A,4,-123.18194,56.17,4.3,11.7,1953,2013,-8.0
276,192,NANAIMO A,5,-123.87,15.19,28.0,12.0,1954,2013,-8.0
282,2265,LETHBRIDGE CDA,1,-112.7675,5.63,910.0,3.0,1994,2026,-7.0
282,50128,LETHBRIDGE A,2,-112.79972,7.07,929.0,22.0,2012,2026,-7.0
282,49268,LETHBRIDGE,3,-112.79889,7.1,929.0,22.0,2011,2026,-7.0
282,2263,LETHBRIDGE A,4,-112.79972,7.07,928.7,21.7,1953,2012,-7.0
282,31447,LETHBRIDGE AWOS A,5,-112.8,6.76,929.0,22.0,2006,2012,-7.0
283,42203,KAMLOOPS AUT,1,-120.44194,3.41,345.0,5.0,2006,2026,-8.0
283,51423,KAMLOOPS A,2,-120.44861,3.61,345.3,4.7,2013,2026,-8.0
283,1275,KAMLOOPS A,3,-120.44194,3.41,345.3,4.7,1953,2013,-8.0
295,52518,SYDNEY A,1,-60.04806,22.44,61.9,55.9,2014,2026,-4.0
295,54281,SYDNEY A,2,-60.04806,22.44,61.9,55.9,2016,2026,-4.0
295,44503,SYDNEY CS,3,-60.04167,22.92,62.5,56.5,2006,2026,-4.0
295,6486,SYDNEY A,4,-60.04814,22.9,61.9,55.9,1953,2014,-4.0
297,50308,ABBOTSFORD A,1,-122.36,26.68,59.1,20.1,2011,2026,-8.0
297,54238,ABBOTSFORD A,2,-122.36,26.68,59.1,20.1,2016,2026,-8.0
297,49588,HOPE A,3,-121.49806,47.34,39.0,0.0,2011,2026,-8.0
297,702,ABBOTSFORD A,4,-122.36,26.68,59.1,20.1,1953,2012,-8.0
297,946,HOPE A,5,-121.49806,47.34,39.0,0.0,1953,1995,-8.0
303,53478,VICTORIA HARBOUR A,1,-123.3875,2.3,0.0,17.0,2015,2026,-8.0
303,53479,VICTORIA HARBOUR A,2,-123.3875,2.3,0.0,17.0,2015,2026,-8.0
303,114,VICTORIA GONZALES CS,3,-123.32478,2.95,61.0,44.0,1994,2026,-8.0
303,118,VICTORIA INT'L A,4,-123.42583,24.84,19.5,2.5,1953,2013,-8.0
303,113,VICTORIA GONZALES HTS,5,-123.325,2.95,69.5,52.5,1953,2000,-8.0
333,48952,PETERBOROUGH A,1,-78.36333,8.85,191.4,3.4,2010,2026,-5.0
333,7870,COBOURG (AUT),2,-78.16667,41.48,77.7,110.3,1993,2026,-5.0
333,43763,PETERBOROUGH TRENT U,3,-78.3,5.42,216.0,28.0,2005,2023,-5.0
333,5186,PETERBOROUGH A,4,-78.36667,8.6,191.4,3.4,1969,2005,-5.0
333,29906,PETERBOROUGH AWOS,5,-78.36667,8.6,191.4,3.4,2004,2010,-5.0
347,50309,MONCTON/GREATER MONCTON ROMEO LEBLANC INTL A,1,-64.67861,10.46,70.7,40.7,2012,2026,-4.0
347,54282,MONCTON / GREATER MONCTON ROMEO LEBLANC INTL A,2,-64.67861,10.46,70.7,40.7,2016,2026,-4.0
347,42083,NAPPAN AUTO,3,-64.24144,59.76,19.8,10.2,2003,2026,-4.0
347,6207,MONCTON A,4,-64.68381,10.17,70.7,40.7,1953,2012,-4.0
347,7103,AMHERST (AUT),5,-64.26667,51.89,23.0,7.0,1994,2005,-4.0
349,10764,TROIS-RIVIERES,1,-72.51611,54.04,6.0,83.0,1994,2026,-5.0
349,51698,TROIS RIVIERES A,2,-72.68056,55.88,60.7,28.3,2013,2026,-5.0
349,8321,TROIS-RIVIERES,3,-72.68333,57.55,62.2,26.8,1963,2026,-5.0
350,48952,PETERBOROUGH A,1,-78.36333,48.25,191.4,69.6,2010,2026,-5.0
350,42183,BARRIE-ORO,2,-79.55,58.03,289.0,28.0,2003,2026,-5.0
350,43763,PETERBOROUGH TRENT U,3,-78.3,45.21,216.0,45.0,2005,2023,-5.0
350,5186,PETERBOROUGH A,4,-78.36667,47.8,191.4,69.6,1969,2005,-5.0
350,29906,PETERBOROUGH AWOS,5,-78.36667,47.8,191.4,69.6,2004,2010,-5.0
363,50169,PRINCE GEORGE MASSEY AUTO,1,-122.79083,2.94,601.0,23.0,2012,2026,-8.0
363,48370,PRINCE GEORGE,2,-122.6775,7.82,691.0,113.0,2009,2026,-8.0
363,48248,PRINCE GEORGE AIRPORT AUTO,3,-122.67194,7.84,680.0,102.0,2009,2026,-8.0
363,631,PRINCE GEORGE A,4,-122.67889,7.34,691.3,113.3,1953,2009,-8.0
387,50092,SAULT STE MARIE A,1,-84.50972,10.18,192.0,6.0,2012,2026,-5.0
387,54838,SAULT STE. MARIE AIRPORT,2,-84.51667,11.06,187.0,1.0,2019,2026,-5.0
387,4093,SAULT STE MARIE A,3,-84.50944,10.27,192.0,6.0,1961,2012,-5.0
388,48373,SARNIA,1,-82.30889,2.84,181.4,3.6,2009,2026,-5.0
388,44323,SARNIA CLIMATE,2,-82.3,3.02,181.0,4.0,2005,2026,-5.0
388,44004,SARNIA CHRIS HADFIELD A,3,-82.30889,2.84,181.0,4.0,2005,2010,-5.0
388,4589,SARNIA AIRPORT,4,-82.30475,3.7,180.6,4.4,1967,2005,-5.0
399,50310,SAINT JOHN A,1,-65.89,14.47,108.8,78.8,2012,2026,-4.0
399,27746,POINT LEPREAU CS,2,-66.45793,38.8,12.8,17.2,1994,2026,-4.0
399,6250,SAINT JOHN A,3,-65.88557,14.88,108.8,78.8,1953,2012,-4.0
407,10843,L'ACADIE,1,-73.34944,48.63,43.8,58.2,1994,2026,-5.0
407,48374,MONTREAL/ST-HUBERT,2,-73.41694,53.91,27.4,74.6,2009,2026,-5.0
407,30170,MONTREAL/ST-HUBERT A,3,-73.41667,53.86,27.4,74.6,2004,2010,-5.0
407,5490,MONTREAL/ST-HUBERT A,4,-73.41667,53.86,27.4,74.6,1953,2005,-5.0
432,30347,MEDICINE HAT RCS,1,-110.71725,2.52,715.0,42.0,2001,2026,-7.0
432,48949,MEDICINE HAT,2,-110.72083,3.26,716.9,43.9,2010,2026,-7.0
432,50129,MEDICINE HAT A,3,-110.72083,3.26,716.9,43.9,2012,2026,-7.0
432,2312,SUFFIELD A,4,-111.18333,42.19,769.6,96.6,1953,2020,-7.0
432,2273,MEDICINE HAT A,5,-110.72083,3.26,716.9,43.9,1953,2012,-7.0
434,30309,FREDERICTON CDA CS,1,-66.60889,4.87,35.1,74.9,2004,2026,-4.0
434,48568,FREDERICTON INTL A,2,-66.53722,12.78,20.7,89.3,2010,2026,-4.0
434,7558,GAGETOWN A,3,-66.43333,21.3,50.6,59.4,1976,2026,-4.0
434,6157,FREDERICTON A,4,-66.52789,13.0,20.7,89.3,1953,2010,-4.0
434,29493,GAGETOWN AWOS A,5,-66.44972,19.94,50.6,59.4,2000,2022,-4.0
484,5126,TRENTON A,1,-77.52806,18.82,86.3,6.7,1953,2026,-5.0
484,7925,POINT PETRE (AUT),2,-77.15,48.38,78.6,14.4,1993,2026,-5.0
484,30723,TRENTON AWOS,3,-77.52806,18.82,86.3,6.7,2007,2022,-5.0
571,50621,CHARLOTTETOWN A,1,-63.11917,2.9,50.9,36.9,2012,2026,-4.0
571,30308,HARRINGTON CDA CS,2,-63.16974,9.12,53.0,39.0,2004,2026,-4.0
571,41903,ST. PETERS,3,-62.57583,47.55,29.7,15.7,2003,2026,-4.0
571,6526,CHARLOTTETOWN A,4,-63.12863,2.63,48.8,34.8,1953,2012,-4.0
571,6547,SUMMERSIDE A,5,-63.83167,56.88,19.5,5.5,1953,2001,-4.0
