location_id,place_id,city,state,country,population,lat,lng,dem_m,timezone,utc_offset_hours
0,US3651000,New York,NY,US,8584629,40.6627,-73.9387,7,America/New_York,-5.0000
1,US0644000,Los Angeles,CA,US,3869089,34.0194,-118.4108,35,America/Los_Angeles,-8.0000
2,CA3520005,Toronto,ON,CA,2794356,43.7216,-79.3913,174,America/Toronto,-5.0000
3,US1714000,Chicago,IL,US,2731585,41.8370,-87.6849,182,America/Chicago,-6.0000
4,US4835000,Houston,TX,US,2397315,29.7857,-95.3888,30,America/Chicago,-6.0000
5,CA2466023,Montréal,QC,CA,1762949,45.5076,-73.7231,27,America/Toronto,-5.0000
6,US0455000,Phoenix,AZ,US,1665481,33.5722,-112.0901,346,America/Phoenix,-7.0000
7,US4260000,Philadelphia,PA,US,1574281,40.0094,-75.1333,36,America/New_York,-5.0000
8,US4865000,San Antonio,TX,US,1548422,29.4628,-98.5246,202,America/Chicago,-6.0000
9,US0666000,San Diego,CA,US,1406106,32.8304,-117.1209,136,America/Los_Angeles,-8.0000
10,US4819000,Dallas,TX,US,1329491,32.7933,-96.7665,139,America/Chicago,-6.0000
11,CA4806016,Calgary,AB,CA,1306784,51.0343,-114.0528,1052,America/Edmonton,-7.0000
12,US4827000,Fort Worth,TX,US,1028117,32.7820,-97.3486,203,America/Chicago,-6.0000
13,US1235000,Jacksonville,FL,US,1017689,30.3369,-81.6616,12,America/New_York,-5.0000
14,CA3506008,Ottawa,ON,CA,1017449,45.2118,-75.8492,123,America/Toronto,-5.0000
15,CA4811061,Edmonton,AB,CA,1010899,53.5196,-113.5020,664,America/Edmonton,-7.0000
16,US4805000,Austin,TX,US,1002632,30.2986,-97.7541,202,America/Chicago,-6.0000
17,US0668000,San Jose,CA,US,989814,37.2960,-121.8146,44,America/Los_Angeles,-8.0000
18,US3712000,Charlotte,NC,US,964784,35.2090,-80.8310,272,America/New_York,-5.0000
19,US3918000,Columbus,OH,US,938396,39.9855,-82.9856,242,America/New_York,-5.0000
20,US1836003,Indianapolis,IN,US,901116,39.7767,-86.1459,248,America/Indiana/Indianapolis,-5.0000
21,US0667000,San Francisco,CA,US,826079,37.7272,-123.0322,85,America/Los_Angeles,-8.0000
22,US5363000,Seattle,WA,US,784777,47.6193,-122.3515,56,America/Los_Angeles,-8.0000
23,CA4611040,Winnipeg,MB,CA,749607,49.8638,-97.1566,245,America/Winnipeg,-6.0000
24,US0820000,Denver,CO,US,740613,39.7619,-104.8811,1651,America/Denver,-7.0000
25,US4752006,Nashville,TN,US,721074,36.1718,-86.7850,171,America/Chicago,-6.0000
26,US4055000,Oklahoma City,OK,US,719849,35.4671,-97.5137,395,America/Chicago,-6.0000
27,CA3521005,Mississauga,ON,CA,717961,43.5946,-79.6557,159,America/Toronto,-5.0000
28,US1150000,Washington,DC,US,693645,38.9042,-77.0165,15,America/New_York,-5.0000
29,US4824000,El Paso,TX,US,683012,31.8478,-106.4311,1137,America/Denver,-7.0000
30,US3240000,Las Vegas,NV,US,679817,36.2335,-115.2640,613,America/Los_Angeles,-8.0000
31,US2507000,Boston,MA,US,672973,42.3386,-71.0183,20,America/New_York,-5.0000
32,CA5915022,Vancouver,BC,CA,662248,49.2543,-123.1112,70,America/Vancouver,-8.0000
33,CA3521010,Brampton,ON,CA,656480,43.7146,-79.7513,221,America/Toronto,-5.0000
34,US2622000,Detroit,MI,US,649095,42.3830,-83.1022,192,America/Detroit,-5.0000
35,US2148006,Louisville,KY,US,641962,38.1654,-85.6474,149,America/Kentucky/Louisville,-5.0000
36,US4159000,Portland,OR,US,635109,45.5370,-122.6500,15,America/Los_Angeles,-8.0000
37,US4748000,Memphis,TN,US,609647,35.1092,-89.9685,79,America/Chicago,-6.0000
38,US2404000,Baltimore,MD,US,569997,39.3000,-76.6105,35,America/New_York,-5.0000
39,CA3525005,Hamilton,ON,CA,569353,43.2539,-79.9588,253,America/Toronto,-5.0000
40,CA5915004,Surrey,BC,CA,568322,49.1081,-122.7971,82,America/Vancouver,-8.0000
41,US5553000,Milwaukee,WI,US,562407,43.0633,-87.9667,201,America/Chicago,-6.0000
42,US3502000,Albuquerque,NM,US,556588,35.1048,-106.6468,1513,America/Denver,-7.0000
43,US0627000,Fresno,CA,US,555549,36.7827,-119.7934,99,America/Los_Angeles,-8.0000
44,CA2423027,Québec,QC,CA,549459,46.8456,-71.2504,11,America/Toronto,-5.0000
45,US0477000,Tucson,AZ,US,548371,32.1530,-110.8708,757,America/Phoenix,-7.0000
46,US0664000,Sacramento,CA,US,536449,38.5677,-121.4682,14,America/Los_Angeles,-8.0000
47,US1304000,Atlanta,GA,US,529110,33.7629,-84.4227,336,America/New_York,-5.0000
48,US2938000,Kansas City,MO,US,521220,39.1252,-94.5503,290,America/Chicago,-6.0000
49,US0446000,Mesa,AZ,US,513656,33.3994,-111.7160,377,America/Phoenix,-7.0000
50,US3755000,Raleigh,NC,US,506306,35.8319,-78.6410,124,America/New_York,-5.0000
51,US0816000,Colorado Springs,CO,US,494743,38.8673,-104.7607,1965,America/Denver,-7.0000
52,US1245000,Miami,FL,US,489812,25.7752,-80.2086,25,America/New_York,-5.0000
53,US3137000,Omaha,NE,US,488797,41.2627,-96.0535,342,America/Chicago,-6.0000
54,US5182000,Virginia Beach,VA,US,453737,36.7795,-76.0291,4,America/New_York,-5.0000
55,US0643000,Long Beach,CA,US,450469,33.7808,-118.1682,24,America/Los_Angeles,-8.0000
56,US0653000,Oakland,CA,US,440838,37.7698,-122.2257,11,America/Los_Angeles,-8.0000
57,CA1209034,Halifax,NS,CA,439819,44.8374,-63.1757,49,America/Halifax,-4.0000
58,CA2465005,Laval,QC,CA,438366,45.6050,-73.7256,39,America/Toronto,-5.0000
59,US2743000,Minneapolis,MN,US,430324,44.9633,-93.2683,262,America/Chicago,-6.0000
60,CA3539036,London,ON,CA,422324,42.9531,-81.2368,252,America/Toronto,-5.0000
61,US0603526,Bakersfield,CA,US,422165,35.3532,-119.0379,130,America/Los_Angeles,-8.0000
62,US4075000,Tulsa,OK,US,416209,36.1279,-95.9023,226,America/Chicago,-6.0000
63,US1271000,Tampa,FL,US,413554,27.9701,-82.4797,41,America/New_York,-5.0000
64,US0804000,Aurora,CO,US,410053,39.7095,-104.7205,1651,America/Denver,-7.0000
65,US4804000,Arlington,TX,US,402134,32.7007,-97.1247,190,America/Chicago,-6.0000
66,US2079000,Wichita,KS,US,400987,37.6906,-97.3458,402,America/Chicago,-6.0000
67,US3916000,Cleveland,OH,US,363608,41.4785,-81.6794,204,America/New_York,-5.0000
68,US2255000,New Orleans,LA,US,362154,30.0534,-89.9345,5,America/Chicago,-6.0000
69,US3231900,Henderson,NV,US,353289,36.0090,-115.0268,572,America/Los_Angeles,-8.0000
70,US0602000,Anaheim,CA,US,341008,33.8555,-117.7587,116,America/Los_Angeles,-8.0000
71,CA3519036,Markham,ON,CA,338503,43.8805,-79.2961,168,America/Toronto,-5.0000
72,US1253000,Orlando,FL,US,333888,28.4728,-81.3202,54,America/New_York,-5.0000
73,US2146027,Lexington,KY,US,329751,38.0407,-84.4583,304,America/New_York,-5.0000
74,US0675000,Stockton,CA,US,324597,37.9766,-121.3086,6,America/Los_Angeles,-8.0000
75,US3451000,Newark,NJ,US,323808,40.7242,-74.1726,22,America/New_York,-5.0000
76,CA3519028,Vaughan,ON,CA,323103,43.8372,-79.5632,218,America/Toronto,-5.0000
77,US0662000,Riverside,CA,US,323057,33.9381,-117.3932,257,America/Los_Angeles,-8.0000
78,US0636770,Irvine,CA,US,318764,33.6784,-117.7713,32,America/Los_Angeles,-8.0000
79,US4817000,Corpus Christi,TX,US,317247,27.7543,-97.1734,11,America/Chicago,-6.0000
80,US0669000,Santa Ana,CA,US,315586,33.7363,-117.8829,39,America/Los_Angeles,-8.0000
81,US3915000,Cincinnati,OH,US,314367,39.1402,-84.5058,267,America/New_York,-5.0000
82,US3728000,Greensboro,NC,US,308667,36.0949,-79.8236,260,America/New_York,-5.0000
83,US4261000,Pittsburgh,PA,US,307632,40.4399,-79.9757,239,America/New_York,-5.0000
84,US2758000,St. Paul,MN,US,306684,44.9489,-93.1041,242,America/Chicago,-6.0000
85,US3719000,Durham,NC,US,305561,35.9779,-78.8981,121,America/New_York,-5.0000
86,US3436000,Jersey City,NJ,US,302013,40.7114,-74.0648,11,America/New_York,-5.0000
87,US3128000,Lincoln,NE,US,301522,40.8103,-96.6749,366,America/Chicago,-6.0000
88,US3251800,North Las Vegas,NV,US,296653,36.2899,-115.0892,561,America/Los_Angeles,-8.0000
89,US4858016,Plano,TX,US,293028,33.0508,-96.7479,207,America/Chicago,-6.0000
90,CA2481017,Gatineau,QC,CA,291041,45.5094,-75.6294,55,America/Toronto,-5.0000
91,US0427400,Gilbert,AZ,US,287285,33.3103,-111.7431,377,America/Phoenix,-7.0000
92,US5548000,Madison,WI,US,286233,43.0878,-89.4299,272,America/Chicago,-6.0000
93,US3260600,Reno,NV,US,283621,39.5491,-119.8499,1380,America/Los_Angeles,-8.0000
94,US0412000,Chandler,AZ,US,278748,33.2828,-111.8518,368,America/Phoenix,-7.0000
95,US2965000,St. Louis,MO,US,278144,38.6357,-90.2446,149,America/Chicago,-6.0000
96,US0613392,Chula Vista,CA,US,275533,32.6277,-117.0152,21,America/Los_Angeles,-8.0000
97,US1825000,Fort Wayne,IN,US,275203,41.0882,-85.1428,250,America/Indiana/Indianapolis,-5.0000
98,US3611000,Buffalo,NY,US,274613,42.8925,-78.8597,191,America/New_York,-5.0000
99,US4845000,Lubbock,TX,US,273071,33.5619,-101.8889,979,America/Chicago,-6.0000
100,US4841464,Laredo,TX,US,269515,27.5604,-99.4892,132,America/Chicago,-6.0000
101,US1258715,Port St. Lucie,FL,US,268062,27.2806,-80.3883,8,America/New_York,-5.0000
102,CA4711066,Saskatoon,SK,CA,266141,52.1443,-106.6445,484,America/Regina,-6.0000
103,US1263000,St. Petersburg,FL,US,264033,27.7627,-82.6441,16,America/New_York,-5.0000
104,US3977000,Toledo,OH,US,263423,41.6641,-83.5819,189,America/New_York,-5.0000
105,US0427820,Glendale,AZ,US,260572,33.5331,-112.1899,350,America/Phoenix,-7.0000
106,US3775000,Winston-Salem,NC,US,257271,36.1029,-80.2608,283,America/New_York,-5.0000
107,US4837000,Irving,TX,US,257076,32.8577,-96.9700,151,America/Chicago,-6.0000
108,CA3530013,Kitchener,ON,CA,256885,43.4215,-80.4705,326,America/Toronto,-5.0000
109,US5116000,Chesapeake,VA,US,255332,36.6794,-76.3018,9,America/New_York,-5.0000
110,CA2458227,Longueuil,QC,CA,254483,45.5123,-73.4370,23,America/Toronto,-5.0000
111,US4829000,Garland,TX,US,249625,32.9098,-96.6303,174,America/Chicago,-6.0000
112,CA5915025,Burnaby,BC,CA,249125,49.2468,-122.9656,87,America/Vancouver,-8.0000
113,US0465000,Scottsdale,AZ,US,243006,33.6843,-111.8614,494,America/Phoenix,-7.0000
114,US1608830,Boise,ID,US,238429,43.5981,-116.2316,834,America/Boise,-7.0000
115,US5167000,Richmond,VA,US,237257,37.5314,-77.4760,68,America/New_York,-5.0000
116,US4827684,Frisco,TX,US,236955,33.1554,-96.8226,216,America/Chicago,-6.0000
117,US1210275,Cape Coral,FL,US,236264,26.6432,-81.9974,6,America/New_York,-5.0000
118,US4845744,McKinney,TX,US,236001,33.2011,-96.6642,197,America/Chicago,-6.0000
119,US0137000,Huntsville,AL,US,233627,34.6977,-86.6767,217,America/Chicago,-6.0000
120,US5157000,Norfolk,VA,US,231013,36.9230,-76.2446,15,America/New_York,-5.0000
121,US1230000,Hialeah,FL,US,230968,25.8699,-80.3029,9,America/New_York,-5.0000
122,US5367000,Spokane,WA,US,230783,47.6669,-117.4333,530,America/Los_Angeles,-8.0000
123,US5370000,Tacoma,WA,US,229816,47.2522,-122.4598,74,America/Los_Angeles,-8.0000
124,CA3537039,Windsor,ON,CA,229660,42.2883,-82.9873,190,America/Toronto,-5.0000
125,US0669088,Santa Clarita,CA,US,228430,34.4165,-118.5007,413,America/Los_Angeles,-8.0000
126,US0626000,Fremont,CA,US,226442,37.4945,-121.9411,18,America/Los_Angeles,-8.0000
127,CA4706027,Regina,SK,CA,226404,50.4559,-104.6276,577,America/Regina,-6.0000
128,US2205000,Baton Rouge,LA,US,222795,30.4422,-91.1309,20,America/Chicago,-6.0000
129,US0665000,San Bernardino,CA,US,222044,34.1411,-117.2946,324,America/Los_Angeles,-8.0000
130,US0624680,Fontana,CA,US,221223,34.1097,-117.4629,378,America/Los_Angeles,-8.0000
131,US0648354,Modesto,CA,US,219652,37.6375,-121.0030,29,America/Los_Angeles,-8.0000
132,US4967000,Salt Lake City,UT,US,218428,40.7769,-111.9310,1311,America/Denver,-7.0000
133,US0649270,Moreno Valley,CA,US,214263,33.9233,-117.2057,499,America/Los_Angeles,-8.0000
134,US2582000,Worcester,MA,US,213862,42.2695,-71.8078,164,America/New_York,-5.0000
135,CA3524001,Oakville,ON,CA,213759,43.4540,-79.7245,99,America/Toronto,-5.0000
136,US4659020,Sioux Falls,SD,US,213748,43.5407,-96.7320,433,America/Chicago,-6.0000
137,US3684000,Yonkers,NY,US,212603,40.9459,-73.8674,30,America/New_York,-5.0000
138,US1921000,Des Moines,IA,US,212086,41.5726,-93.6102,264,America/Chicago,-6.0000
139,CA5915015,Richmond,BC,CA,209937,49.1681,-123.1675,4,America/Vancouver,-8.0000
140,US4830464,Grand Prairie,TX,US,209434,32.6789,-97.0207,162,America/Chicago,-6.0000
141,US3722920,Fayetteville,NC,US,209120,35.0828,-78.9735,104,America/New_York,-5.0000
142,US0541000,Little Rock,AR,US,206427,34.7254,-92.3586,105,America/Chicago,-6.0000
143,US3663000,Rochester,NY,US,206108,43.1699,-77.6169,156,America/New_York,-5.0000
144,US4803000,Amarillo,TX,US,205130,35.1999,-101.8302,1124,America/Chicago,-6.0000
145,US1270600,Tallahassee,FL,US,204902,30.4535,-84.2523,71,America/New_York,-5.0000
146,US2053775,Overland Park,KS,US,203677,38.8890,-94.6906,318,America/Chicago,-6.0000
147,US1319000,Columbus,GA,US,202171,32.5102,-84.8749,75,America/New_York,-5.0000
148,CA3519038,Richmond Hill,ON,CA,202022,43.9010,-79.4279,232,America/Toronto,-5.0000
149,US4740000,Knoxville,TN,US,202021,35.9707,-83.9493,277,America/New_York,-5.0000
150,US1304204,Augusta,GA,US,201999,33.3655,-82.0734,44,America/New_York,-5.0000
151,US2634000,Grand Rapids,MI,US,201183,42.9612,-85.6556,205,America/Detroit,-5.0000
152,US0454050,Peoria,AZ,US,200881,33.7862,-112.3080,376,America/Phoenix,-7.0000
153,US0150000,Mobile,AL,US,200824,30.6682,-88.1079,12,America/Chicago,-6.0000
154,US5374060,Vancouver,WA,US,199698,45.6372,-122.5966,71,America/Los_Angeles,-8.0000
155,US0654652,Oxnard,CA,US,199651,34.1994,-119.2075,19,America/Los_Angeles,-8.0000
156,US0107000,Birmingham,AL,US,195893,33.5272,-86.7970,187,America/Chicago,-6.0000
157,US4459000,Providence,RI,US,195310,41.8231,-71.4188,-17,America/New_York,-5.0000
158,US0151000,Montgomery,AL,US,195300,32.3485,-86.2673,76,America/Chicago,-6.0000
159,US4714000,Chattanooga,TN,US,194144,35.0660,-85.2484,208,America/New_York,-5.0000
160,US4810768,Brownsville,TX,US,192957,25.9894,-97.4806,17,America/Chicago,-6.0000
161,US0636000,Huntington Beach,CA,US,191451,33.6980,-118.0038,16,America/Los_Angeles,-8.0000
162,US0473000,Tempe,AZ,US,190571,33.3884,-111.9318,352,America/Phoenix,-7.0000
163,US3901000,Akron,OH,US,189691,41.0805,-81.5214,295,America/New_York,-5.0000
164,US4715160,Clarksville,TN,US,188829,36.5664,-87.3452,145,America/Chicago,-6.0000
165,US1224000,Fort Lauderdale,FL,US,188677,26.1412,-80.1467,20,America/New_York,-5.0000
166,US0630000,Glendale,CA,US,187160,34.1814,-118.2458,161,America/Los_Angeles,-8.0000
167,US0653896,Ontario,CA,US,187013,34.0370,-117.6060,307,America/Los_Angeles,-8.0000
168,CA3524002,Burlington,ON,CA,186948,43.3754,-79.8406,165,America/Toronto,-5.0000
169,US0622020,Elk Grove,CA,US,185007,38.4146,-121.3850,17,America/Los_Angeles,-8.0000
170,US3710740,Cary,NC,US,183582,35.7813,-78.8234,152,America/New_York,-5.0000
171,US5156000,Newport News,VA,US,183230,37.0761,-76.5220,7,America/New_York,-5.0000
172,US4164900,Salem,OR,US,181779,44.9239,-123.0230,55,America/Los_Angeles,-8.0000
173,US1703012,Aurora,IL,US,181505,41.7635,-88.2901,210,America/Chicago,-6.0000
174,US0670098,Santa Rosa,CA,US,179437,38.4458,-122.7062,55,America/Los_Angeles,-8.0000
175,US4123850,Eugene,OR,US,178618,44.0568,-123.1190,132,America/Los_Angeles,-8.0000
176,US0659451,Rancho Cucamonga,CA,US,177856,34.1303,-117.5661,371,America/Los_Angeles,-8.0000
177,US1255775,Pembroke Pines,FL,US,176714,26.0147,-80.3402,6,America/New_York,-5.0000
178,US2270000,Shreveport,LA,US,175902,32.4669,-93.7922,50,America/Chicago,-6.0000
179,CA3518013,Oshawa,ON,CA,175383,43.9358,-78.8712,105,America/Toronto,-5.0000
180,US0471510,Surprise,AZ,US,175304,33.6708,-112.4525,376,America/Phoenix,-7.0000
181,CA2443027,Sherbrooke,QC,CA,172950,45.4031,-71.9633,175,America/Toronto,-5.0000
182,US0827425,Fort Collins,CO,US,171500,40.5482,-105.0648,1531,America/Denver,-7.0000
183,US4751560,Murfreesboro,TN,US,171178,35.8539,-86.4212,191,America/Chicago,-6.0000
184,US0653322,Oceanside,CA,US,170483,33.2246,-117.3063,102,America/Los_Angeles,-8.0000
185,US0629000,Garden Grove,CA,US,170455,33.7788,-117.9605,26,America/Los_Angeles,-8.0000
186,US0640130,Lancaster,CA,US,170084,34.6936,-118.1753,718,America/Los_Angeles,-8.0000
187,US2970000,Springfield,MO,US,169847,37.1942,-93.2926,399,America/Chicago,-6.0000
188,US4819972,Denton,TX,US,169431,33.2174,-97.1413,206,America/Chicago,-6.0000
189,US0662938,Roseville,CA,US,167302,38.7703,-121.3196,51,America/Los_Angeles,-8.0000
190,CA3553005,Greater Sudbury / Grand Sudbury,ON,CA,166004,46.6018,-81.0402,291,America/Toronto,-5.0000
191,US4839148,Killeen,TX,US,161883,31.0777,-97.7320,254,America/Chicago,-6.0000
192,US0655156,Palmdale,CA,US,161845,34.5910,-118.1054,815,America/Los_Angeles,-8.0000
193,US3457000,Paterson,NJ,US,161793,40.9148,-74.1628,35,America/New_York,-5.0000
194,US0616350,Corona,CA,US,161734,33.8620,-117.5655,213,America/Los_Angeles,-8.0000
195,US5101000,Alexandria,VA,US,160662,38.8193,-77.0837,15,America/New_York,-5.0000
196,US4513330,Charleston,SC,US,159423,32.8280,-79.9729,4,America/New_York,-5.0000
197,US0664224,Salinas,CA,US,159134,36.6902,-121.6338,17,America/Los_Angeles,-8.0000
198,US2036000,Kansas City,KS,US,157805,39.1225,-94.7418,328,America/Chicago,-6.0000
199,US1349008,Macon,GA,US,157556,32.8090,-83.6941,118,America/New_York,-5.0000
200,US0633000,Hayward,CA,US,157113,37.6268,-122.1040,32,America/Los_Angeles,-8.0000
201,US1232000,Hollywood,FL,US,157019,26.0310,-80.1646,10,America/New_York,-5.0000
202,US0843000,Lakewood,CO,US,156927,39.6989,-105.1176,1682,America/Denver,-7.0000
203,US0677000,Sunnyvale,CA,US,156577,37.3858,-122.0263,37,America/Los_Angeles,-8.0000
204,US2567000,Springfield,MA,US,154702,42.1155,-72.5400,49,America/New_York,-5.0000
205,US5305210,Bellevue,WA,US,154193,47.5978,-122.1565,28,America/Los_Angeles,-8.0000
206,CA5909052,Abbotsford,BC,CA,153524,49.0709,-122.2872,114,America/Vancouver,-8.0000
207,US1751622,Naperville,IL,US,153114,41.7492,-88.1620,217,America/Chicago,-6.0000
208,US0908000,Bridgeport,CT,US,152273,41.1874,-73.1958,14,America/New_York,-5.0000
209,US1738570,Joliet,IL,US,152241,41.5169,-88.1480,181,America/Chicago,-6.0000
210,US4847892,Mesquite,TX,US,150693,32.7595,-96.5842,155,America/Chicago,-6.0000
211,US4845384,McAllen,TX,US,150640,26.2250,-98.2461,42,America/Chicago,-6.0000
212,US2052575,Olathe,KS,US,150025,38.8820,-94.8201,324,America/Chicago,-6.0000
213,CA2425213,Lévis,QC,CA,149683,46.7119,-71.2522,85,America/Toronto,-5.0000
214,US1369000,Savannah,GA,US,149440,32.0125,-81.1942,9,America/New_York,-5.0000
215,US1225175,Gainesville,FL,US,148671,29.6795,-82.3468,37,America/New_York,-5.0000
216,CA5915034,Coquitlam,BC,CA,148625,49.3257,-122.7721,211,America/Vancouver,-8.0000
217,US4856000,Pasadena,TX,US,148539,29.6550,-95.1511,10,America/Chicago,-6.0000
218,US1254000,Palm Bay,FL,US,148092,27.9548,-80.6650,10,America/New_York,-5.0000
219,CA3543042,Barrie,ON,CA,147829,44.3620,-79.6818,269,America/Toronto,-5.0000
220,US0658072,Pomona,CA,US,147807,34.0585,-117.7611,264,America/Los_Angeles,-8.0000
221,US4876000,Waco,TX,US,147788,31.5580,-97.1898,147,America/Chicago,-6.0000
222,US0877290,Thornton,CO,US,147766,39.9204,-104.9414,1644,America/Denver,-7.0000
223,US4848072,Midland,TX,US,147615,32.0246,-102.1135,862,America/Chicago,-6.0000
224,US1765000,Rockford,IL,US,147384,42.2593,-89.0635,224,America/Chicago,-6.0000
225,US4516000,Columbia,SC,US,147035,34.0405,-80.9061,97,America/New_York,-5.0000
226,US0682954,Visalia,CA,US,146541,36.3292,-119.3270,110,America/Los_Angeles,-8.0000
227,US0622804,Escondido,CA,US,146030,33.1331,-117.0740,199,America/Los_Angeles,-8.0000
228,US3673000,Syracuse,NY,US,144896,43.0410,-76.1436,129,America/New_York,-5.0000
229,CA2494068,Saguenay,QC,CA,144723,48.3673,-71.1171,84,America/Toronto,-5.0000
230,CA5935010,Kelowna,BC,CA,144576,49.8826,-119.4404,350,America/Vancouver,-8.0000
231,CA3523008,Guelph,ON,CA,143740,43.5422,-80.2362,335,America/Toronto,-5.0000
232,US1652120,Meridian,ID,US,142988,43.6115,-116.4007,796,America/Boise,-7.0000
233,US0682590,Victorville,CA,US,141395,34.5277,-117.3536,834,America/Los_Angeles,-8.0000
234,US4863500,Round Rock,TX,US,141282,30.5261,-97.6635,226,America/Chicago,-6.0000
235,US2836000,Jackson,MS,US,141196,32.3158,-90.2129,100,America/Chicago,-6.0000
236,US0973000,Stamford,CT,US,139535,41.0796,-73.5461,16,America/New_York,-5.0000
237,CA2437067,Trois-Rivières,QC,CA,139163,46.3628,-72.6110,16,America/Toronto,-5.0000
238,US4842508,Lewisville,TX,US,139006,33.0507,-96.9746,161,America/Chicago,-6.0000
239,US1214400,Coral Springs,FL,US,138783,26.2707,-80.2593,4,America/New_York,-5.0000
240,US0952000,New Haven,CT,US,138774,41.3108,-72.9250,20,America/New_York,-5.0000
241,US0628000,Fullerton,CA,US,138675,33.8857,-117.9280,52,America/Los_Angeles,-8.0000
242,CA3530010,Cambridge,ON,CA,138479,43.4083,-80.3282,288,America/Toronto,-5.0000
243,US0680000,Torrance,CA,US,138391,33.8305,-118.3566,33,America/Los_Angeles,-8.0000
244,US0653980,Orange,CA,US,138365,33.7870,-117.8613,61,America/Los_Angeles,-8.0000
245,US1912000,Cedar Rapids,IA,US,137935,41.9642,-91.6792,251,America/Chicago,-6.0000
246,US4983470,West Valley City,UT,US,137491,40.6885,-112.0118,1316,America/Denver,-7.0000
247,US5135000,Hampton,VA,US,137315,37.0480,-76.2973,7,America/New_York,-5.0000
248,US2684000,Warren,MI,US,137138,42.4929,-83.0250,196,America/Detroit,-5.0000
249,CA3526053,St. Catharines,ON,CA,136803,43.1819,-79.2590,102,America/Toronto,-5.0000
250,US3921000,Dayton,OH,US,136688,39.7847,-84.1996,237,America/New_York,-5.0000
251,US3825700,Fargo,ND,US,136275,46.8647,-96.8291,279,America/Chicago,-6.0000
252,US0656000,Pasadena,CA,US,135804,34.1606,-118.1380,272,America/Los_Angeles,-8.0000
253,US5335415,Kent,WA,US,134871,47.3900,-122.2135,14,America/Los_Angeles,-8.0000
254,US4813024,Carrollton,TX,US,134562,32.9894,-96.8999,163,America/Chicago,-6.0000
255,US2676460,Sterling Heights,MI,US,133931,42.5812,-83.0303,190,America/Detroit,-5.0000
256,CA3524009,Milton,ON,CA,132979,43.4831,-79.9598,194,America/Toronto,-5.0000
257,CA5915001,Langley,BC,CA,132603,49.0967,-122.5738,13,America/Vancouver,-8.0000
258,CA3510010,Kingston,ON,CA,132485,44.2656,-76.4934,83,America/Toronto,-5.0000
259,US4801000,Abilene,TX,US,131588,32.4545,-99.7381,525,America/Chicago,-6.0000
260,US4052500,Norman,OK,US,130943,35.2406,-97.3453,361,America/Chicago,-6.0000
261,US2915670,Columbia,MO,US,130851,38.9473,-92.3264,219,America/Chicago,-6.0000
262,US4856348,Pearland,TX,US,129930,29.5557,-95.3230,17,America/Chicago,-6.0000
263,US0614218,Clovis,CA,US,129347,36.8278,-119.6818,113,America/Los_Angeles,-8.0000
264,US4550875,North Charleston,SC,US,129245,32.9179,-80.0650,18,America/New_York,-5.0000
265,US1303440,Athens,GA,US,128612,33.9496,-83.3701,232,America/New_York,-5.0000
266,US4815976,College Station,TX,US,127472,30.5852,-96.2964,107,America/Chicago,-6.0000
267,US1276600,West Palm Beach,FL,US,127189,26.7451,-80.1270,9,America/New_York,-5.0000
268,US3774440,Wilmington,NC,US,126809,34.2092,-77.8858,8,America/New_York,-5.0000
269,US4202000,Allentown,PA,US,126044,40.5936,-75.4784,107,America/New_York,-5.0000
270,US2071000,Topeka,KS,US,125795,39.0347,-95.6962,306,America/Chicago,-6.0000
271,US1238250,Lakeland,FL,US,125520,28.0555,-81.9548,63,America/New_York,-5.0000
272,US0407940,Buckeye,AZ,US,125445,33.4316,-112.6416,264,America/Phoenix,-7.0000
273,US4009050,Broken Arrow,OK,US,124991,36.0365,-95.7810,234,America/Chicago,-6.0000
274,US0672016,Simi Valley,CA,US,124861,34.2669,-118.7485,236,America/Los_Angeles,-8.0000
275,US2754880,Rochester,MN,US,124292,44.0143,-92.4786,314,America/Chicago,-6.0000
276,US2240735,Lafayette,LA,US,123311,30.2056,-92.0281,15,America/Chicago,-6.0000
277,US0681666,Vallejo,CA,US,123287,38.1069,-122.2623,22,America/Los_Angeles,-8.0000
278,US0616000,Concord,CA,US,123261,37.9722,-122.0016,25,America/Los_Angeles,-8.0000
279,US0803455,Arvada,CO,US,122901,39.8337,-105.1503,1637,America/Denver,-7.0000
280,US4853388,Odessa,TX,US,122707,31.8805,-102.3453,885,America/Chicago,-6.0000
281,US2511000,Cambridge,MA,US,122588,42.3760,-71.1187,13,America/New_York,-5.0000
282,US4850820,New Braunfels,TX,US,122492,29.6993,-98.1151,194,America/Chicago,-6.0000
283,US0623182,Fairfield,CA,US,122489,38.2620,-122.0324,4,America/Los_Angeles,-8.0000
284,US2603000,Ann Arbor,MI,US,122233,42.2761,-83.7309,271,America/Detroit,-5.0000
285,US0678582,Thousand Oaks,CA,US,122230,34.1933,-118.8742,274,America/Los_Angeles,-8.0000
286,US0937000,Hartford,CT,US,121981,41.7659,-72.6816,27,America/New_York,-5.0000
287,US0606000,Berkeley,CA,US,121911,37.8657,-122.2987,13,America/Los_Angeles,-8.0000
288,US2935000,Independence,MO,US,121675,39.0855,-94.3521,262,America/Chicago,-6.0000
289,CA3530016,Waterloo,ON,CA,121436,43.4796,-80.5462,325,America/Toronto,-5.0000
290,US3006550,Billings,MT,US,121239,45.7885,-108.5525,954,America/Denver,-7.0000
291,US3731400,High Point,NC,US,120571,35.9908,-79.9927,289,America/New_York,-5.0000
292,US1656260,Nampa,ID,US,120384,43.5864,-116.5639,767,America/Boise,-7.0000
293,US2537000,Lowell,MA,US,119971,42.6390,-71.3210,39,America/New_York,-5.0000
294,CA2464008,Terrebonne,QC,CA,119944,45.7106,-73.6768,18,America/Toronto,-5.0000
295,US4841980,League City,TX,US,119905,29.4901,-95.1091,9,America/Chicago,-6.0000
296,US4816432,Conroe,TX,US,119564,30.3287,-95.4846,69,America/Chicago,-6.0000
297,US0602252,Antioch,CA,US,118958,37.9783,-121.7961,13,America/Los_Angeles,-8.0000
298,US0646842,Menifee,CA,US,118592,33.6899,-117.1844,440,America/Los_Angeles,-8.0000
299,US4861796,Richardson,TX,US,118542,32.9723,-96.7081,195,America/Chicago,-6.0000
300,CA5917021,Saanich,BC,CA,117735,48.4954,-123.3874,57,America/Vancouver,-8.0000
301,US1258050,Pompano Beach,FL,US,117211,26.2416,-80.1339,11,America/New_York,-5.0000
302,US3539380,Las Cruces,NM,US,116978,32.3264,-106.7897,1189,America/Denver,-7.0000
303,US3345140,Manchester,NH,US,116818,42.9849,-71.4441,81,America/New_York,-5.0000
304,US4982950,West Jordan,UT,US,116812,40.6027,-112.0013,1338,America/Denver,-7.0000
305,US0883835,Westminster,CO,US,116182,39.8801,-105.0615,1649,America/Denver,-7.0000
306,US1822000,Evansville,IN,US,116176,37.9877,-87.5347,118,America/Chicago,-6.0000
307,US0980000,Waterbury,CT,US,115771,41.5585,-73.0367,84,America/New_York,-5.0000
308,US1723074,Elgin,IL,US,115476,42.0390,-88.3257,229,America/Chicago,-6.0000
309,US0832155,Greeley,CO,US,115073,40.4140,-104.7710,1428,America/Denver,-7.0000
310,US0678120,Temecula,CA,US,114865,33.4931,-117.1317,308,America/Los_Angeles,-8.0000
311,US0660620,Richmond,CA,US,114861,37.9523,-122.3606,13,America/Los_Angeles,-8.0000
312,US3714100,Concord,NC,US,114598,35.3921,-80.6355,209,America/New_York,-5.0000
313,US4962470,Provo,UT,US,114527,40.2453,-111.6451,1394,America/Denver,-7.0000
314,US3563460,Rio Rancho,NM,US,114419,35.2851,-106.6989,1606,America/Denver,-7.0000
315,US1212875,Clearwater,FL,US,114364,27.9794,-82.7713,15,America/New_York,-5.0000
316,US0177256,Tuscaloosa,AL,US,114316,33.2344,-87.5283,69,America/Chicago,-6.0000
317,US0650076,Murrieta,CA,US,114124,33.5732,-117.1910,336,America/Los_Angeles,-8.0000
318,US2646000,Lansing,MI,US,113884,42.7143,-84.5609,260,America/Detroit,-5.0000
319,US4874144,Tyler,TX,US,113723,32.3173,-95.3064,174,America/Chicago,-6.0000
320,US1245060,Miami Gardens,FL,US,113579,25.9489,-80.2436,9,America/New_York,-5.0000
321,US5322640,Everett,WA,US,113567,47.9654,-122.1899,22,America/Los_Angeles,-8.0000
322,US1772000,Springfield,IL,US,112989,39.7911,-89.6446,184,America/Chicago,-6.0000
323,US4807000,Beaumont,TX,US,112967,30.0849,-94.1453,12,America/Chicago,-6.0000
324,US1372122,South Fulton,GA,US,112820,33.6357,-84.5834,299,America/New_York,-5.0000
325,US0611194,Carlsbad,CA,US,112260,33.1293,-117.2842,18,America/Los_Angeles,-8.0000
326,US3268400,Sparks,NV,US,111902,39.5743,-119.7152,1348,America/Los_Angeles,-8.0000
327,US4131250,Gresham,OR,US,111513,45.5023,-122.4416,96,America/Los_Angeles,-8.0000
328,US0669196,Santa Maria,CA,US,111390,34.9331,-120.4436,68,America/Los_Angeles,-8.0000
329,US4134100,Hillsboro,OR,US,111126,45.5268,-122.9354,59,America/Los_Angeles,-8.0000
330,US1759000,Peoria,IL,US,110920,40.7516,-89.6172,194,America/Chicago,-6.0000
331,US1216475,Davie,FL,US,110851,26.0792,-80.2830,9,America/New_York,-5.0000
332,US4822660,Edinburg,TX,US,110700,26.3184,-98.1535,35,America/Chicago,-6.0000
333,CA1001519,St. John's,NL,CA,110525,47.4004,-52.7391,109,America/St_Johns,-3.5000
334,US0862000,Pueblo,CO,US,110404,38.2692,-104.6108,1430,America/Denver,-7.0000
335,US0665042,Ventura,CA,US,109914,34.2678,-119.2542,12,America/Los_Angeles,-8.0000
336,US1254200,Palm Coast,FL,US,109886,29.5368,-81.2426,7,America/New_York,-5.0000
337,CA3558004,Thunder Bay,ON,CA,108843,48.4157,-89.2759,188,America/Toronto,-5.0000
338,US4965330,St. George,UT,US,108713,37.0770,-113.5765,825,America/Denver,-7.0000
339,US0812815,Centennial,CO,US,108658,39.5909,-104.8638,1781,America/Denver,-7.0000
340,US0619766,Downey,CA,US,108468,33.9382,-118.1309,41,America/Los_Angeles,-8.0000
341,CA5915011,Delta,BC,CA,108455,49.0913,-122.9651,4,America/Vancouver,-8.0000
342,US5367167,Spokane Valley,WA,US,108405,47.6634,-117.2328,610,America/Los_Angeles,-8.0000
343,US4870808,Sugar Land,TX,US,107726,29.5928,-95.6338,32,America/Chicago,-6.0000
344,US2941348,Lee's Summit,MO,US,107514,38.9216,-94.3848,323,America/Chicago,-6.0000
345,US4105800,Bend,OR,US,107342,44.0567,-121.3080,1106,America/Los_Angeles,-8.0000
346,US0637692,Jurupa Valley,CA,US,107311,34.0026,-117.4676,231,America/Los_Angeles,-8.0000
347,US4829336,Georgetown,TX,US,106907,30.6681,-97.6987,235,America/Chicago,-6.0000
348,US5531000,Green Bay,WI,US,106675,44.5215,-87.9866,182,America/Chicago,-6.0000
349,US0523290,Fayetteville,AR,US,106623,36.0715,-94.1666,436,America/Chicago,-6.0000
350,US2509000,Brockton,MA,US,106134,42.0825,-71.0246,37,America/New_York,-5.0000
351,US1810342,Carmel,IN,US,105634,39.9655,-86.1484,262,America/Indiana/Indianapolis,-5.0000
352,US2621000,Dearborn,MI,US,105611,42.3131,-83.2115,183,America/Detroit,-5.0000
353,US0485540,Yuma,AZ,US,105227,32.5163,-114.5218,99,America/Phoenix,-7.0000
354,US0613014,Chico,CA,US,105081,39.7590,-121.8177,64,America/Los_Angeles,-8.0000
355,US1368516,Sandy Springs,GA,US,105013,33.9315,-84.3689,333,America/New_York,-5.0000
356,US5357745,Renton,WA,US,104975,47.4792,-122.1946,13,America/Los_Angeles,-8.0000
357,US1823278,Fishers,IN,US,104812,39.9618,-85.9684,250,America/Indiana/Indianapolis,-5.0000
358,US5176432,Suffolk,VA,US,104699,36.6972,-76.6348,22,America/New_York,-5.0000
359,CA3529006,Brantford,ON,CA,104688,43.1561,-80.2725,200,America/Toronto,-5.0000
360,US2537490,Lynn,MA,US,104236,42.4748,-70.9620,17,America/New_York,-5.0000
361,CA3536020,Chatham-Kent,ON,CA,103988,42.4026,-82.1331,183,America/Toronto,-5.0000
362,US0681554,Vacaville,CA,US,103850,38.3586,-121.9686,55,America/Los_Angeles,-8.0000
363,US0668252,San Mateo,CA,US,103337,37.5603,-122.3106,13,America/Los_Angeles,-8.0000
364,US1871000,South Bend,IN,US,103201,41.6766,-86.2688,213,America/Indiana/Indianapolis,-5.0000
365,US0633434,Hesperia,CA,US,102605,34.3970,-117.3152,967,America/Los_Angeles,-8.0000
366,US4879000,Wichita Falls,TX,US,101951,33.9067,-98.5258,296,America/Chicago,-6.0000
367,US0680238,Tracy,CA,US,101901,37.7274,-121.4522,17,America/Los_Angeles,-8.0000
368,US2545000,New Bedford,MA,US,101834,41.6613,-70.9379,15,America/New_York,-5.0000
369,US0621712,El Cajon,CA,US,101755,32.8017,-116.9605,133,America/Los_Angeles,-8.0000
370,US3601000,Albany,NY,US,101698,42.6657,-73.7984,59,America/New_York,-5.0000
371,US1224125,Fort Myers,FL,US,101581,26.6178,-81.8317,9,America/New_York,-5.0000
372,CA3518017,Clarington,ON,CA,101427,43.9726,-78.6594,104,America/Toronto,-5.0000
373,US0617918,Daly City,CA,US,101261,37.7017,-122.4650,123,America/Los_Angeles,-8.0000
374,US0404720,Avondale,AZ,US,100983,33.3132,-112.3289,295,America/Phoenix,-7.0000
375,CA4808011,Red Deer,AB,CA,100844,52.2823,-113.7985,856,America/Edmonton,-7.0000
376,US4864472,San Angelo,TX,US,100640,31.4411,-100.4505,564,America/Chicago,-6.0000
377,US4023200,Edmond,OK,US,100479,35.6738,-97.4131,372,America/Chicago,-6.0000
378,US1919000,Davenport,IA,US,100358,41.5568,-90.6039,182,America/Chicago,-6.0000
379,US1217200,Deltona,FL,US,100267,28.9051,-81.2110,13,America/New_York,-5.0000
380,CA5921007,Nanaimo,BC,CA,99863,49.1794,-123.9544,16,America/Vancouver,-8.0000
381,US5323515,Federal Way,WA,US,99729,47.3116,-122.3378,142,America/Los_Angeles,-8.0000
382,US0646898,Merced,CA,US,99724,37.3114,-120.4704,56,America/Los_Angeles,-8.0000
383,US5539225,Kenosha,WI,US,99239,42.5875,-87.8800,185,America/Chicago,-6.0000
384,CA4811052,Strathcona County,AB,CA,99225,53.5698,-113.0943,722,America/Edmonton,-7.0000
385,US5168000,Roanoke,VA,US,99111,37.2785,-79.9582,296,America/New_York,-5.0000
386,US4872176,Temple,TX,US,98412,31.1049,-97.3885,223,America/Chicago,-6.0000
387,CA4802012,Lethbridge,AB,CA,98406,49.6868,-112.8447,907,America/Edmonton,-7.0000
388,US0682996,Vista,CA,US,98274,33.1895,-117.2386,102,America/Los_Angeles,-8.0000
389,CA5933042,Kamloops,BC,CA,97902,50.6730,-120.4271,350,America/Vancouver,-8.0000
390,CA2456083,Saint-Jean-sur-Richelieu,QC,CA,97873,45.3174,-73.2957,32,America/Toronto,-5.0000
391,US4105350,Beaverton,OR,US,97842,45.4781,-122.8171,55,America/Los_Angeles,-8.0000
392,US5380010,Yakima,WA,US,97458,46.5909,-120.5494,325,America/Los_Angeles,-8.0000
393,US5335940,Kirkland,WA,US,97410,47.6967,-122.2042,52,America/Los_Angeles,-8.0000
394,US5164000,Portsmouth,VA,US,96777,36.8593,-76.3570,7,America/New_York,-5.0000
395,US1249675,North Port,FL,US,96551,27.0582,-82.1980,6,America/New_York,-5.0000
396,US3728080,Greenville,NC,US,96443,35.5964,-77.3753,19,America/New_York,-5.0000
397,US5305280,Bellingham,WA,US,96395,48.7534,-122.4702,21,America/Los_Angeles,-8.0000
398,US2038900,Lawrence,KS,US,96367,38.9596,-95.2655,267,America/Chicago,-6.0000
399,US2954074,O'Fallon,MO,US,96101,38.7788,-90.7218,164,America/Chicago,-6.0000
400,US4263624,Reading,PA,US,95832,40.3392,-75.9263,83,America/New_York,-5.0000
401,US4548535,Mount Pleasant,SC,US,95469,32.8084,-79.8650,9,America/New_York,-5.0000
402,US4944320,Lehi,UT,US,95313,40.4171,-111.8711,1397,America/Denver,-7.0000
403,US2523000,Fall River,MA,US,95298,41.7254,-71.0942,-9,America/New_York,-5.0000
404,US4957300,Orem,UT,US,95214,40.2981,-111.6995,1458,America/Denver,-7.0000
405,US0668196,San Marcos,CA,US,94908,33.1326,-117.1699,177,America/Los_Angeles,-8.0000
406,US0955990,Norwalk,CT,US,94508,41.0927,-73.4198,21,America/New_York,-5.0000
407,CA3526043,Niagara Falls,ON,CA,94415,43.0513,-79.1020,187,America/New_York,-5.0000
408,US0636448,Indio,CA,US,94269,33.7316,-116.2360,-3,America/Los_Angeles,-8.0000
409,US0659920,Redding,CA,US,94092,40.5703,-122.3668,172,America/Los_Angeles,-8.0000
410,CA1217030,Cape Breton,NS,CA,93694,46.0043,-60.2307,6,America/Glace_Bay,-4.0000
411,US0135896,Hoover,AL,US,93550,33.3751,-86.8094,185,America/Chicago,-6.0000
412,US3702140,Asheville,NC,US,93523,35.5710,-82.5527,650,America/New_York,-5.0000
413,CA5909020,Chilliwack,BC,CA,93203,49.1115,-122.0182,39,America/Vancouver,-8.0000
414,US2649000,Livonia,MI,US,92603,42.3972,-83.3723,197,America/Detroit,-5.0000
415,US3350260,Nashua,NH,US,92435,42.7491,-71.4905,52,America/New_York,-5.0000
416,US2430325,Frederick,MD,US,92059,39.4369,-77.4120,90,America/New_York,-5.0000
417,US4810912,Bryan,TX,US,91996,30.6660,-96.3810,116,America/Chicago,-6.0000
418,US0624638,Folsom,CA,US,91983,38.6666,-121.1416,66,America/Los_Angeles,-8.0000
419,CA5917034,Victoria,BC,CA,91867,48.4285,-123.3575,17,America/Vancouver,-8.0000
420,US4224000,Erie,PA,US,91838,42.1166,-80.0735,201,America/New_York,-5.0000
421,CA2458007,Brossard,QC,CA,91525,45.4466,-73.4562,17,America/Toronto,-5.0000
422,US3474000,Trenton,NJ,US,91506,40.2238,-74.7636,23,America/New_York,-5.0000
423,US1367284,Roswell,GA,US,91505,34.0395,-84.3509,333,America/New_York,-5.0000
424,US1712385,Champaign,IL,US,91195,40.1141,-88.2746,228,America/Chicago,-6.0000
425,US4842016,Leander,TX,US,91132,30.5743,-97.8617,301,America/Chicago,-6.0000
426,CA5915075,Maple Ridge,BC,CA,90990,49.2459,-122.5223,42,America/Vancouver,-8.0000
427,US0524550,Fort Smith,AR,US,90855,35.3493,-94.3709,135,America/Chicago,-6.0000
428,US2545560,Newton,MA,US,90741,42.3318,-71.2084,35,America/New_York,-5.0000
429,US0566080,Springdale,AR,US,90685,36.1914,-94.1551,406,America/Chicago,-6.0000
430,US4041850,Lawton,OK,US,90503,34.6172,-98.4214,342,America/Chicago,-6.0000
431,US4727740,Franklin,TN,US,90226,35.9140,-86.8522,201,America/Chicago,-6.0000
432,US3570500,Santa Fe,NM,US,89837,35.6620,-105.9818,2137,America/Denver,-7.0000
433,US0458150,Queen Creek,AZ,US,89770,33.2394,-111.6133,428,America/Phoenix,-7.0000
434,US4955980,Ogden,UT,US,89510,41.2284,-111.9681,1315,America/Denver,-7.0000
435,US2534550,Lawrence,MA,US,89320,42.7003,-71.1614,20,America/New_York,-5.0000
436,US2706616,Bloomington,MN,US,89034,44.8297,-93.3152,251,America/Chicago,-6.0000
437,US0918430,Danbury,CT,US,89033,41.3987,-73.4781,126,America/New_York,-5.0000
438,US4848768,Mission,TX,US,88992,26.2041,-98.3252,47,America/Chicago,-6.0000
439,US2680700,Troy,MI,US,88733,42.5839,-83.1455,231,America/Detroit,-5.0000
440,US1216525,Daytona Beach,FL,US,88471,29.1907,-81.0971,6,America/New_York,-5.0000
441,US5335275,Kennewick,WA,US,88366,46.1976,-119.1759,126,America/Los_Angeles,-8.0000
442,US2717000,Duluth,MN,US,88330,46.7745,-92.1341,216,America/Chicago,-6.0000
443,CA5915046,North Vancouver,BC,CA,88168,49.3619,-123.0029,120,America/Vancouver,-8.0000
444,CA3519048,Newmarket,ON,CA,87942,44.0499,-79.4607,250,America/Toronto,-5.0000
445,US1779293,Waukegan,IL,US,87940,42.3694,-87.8709,199,America/Chicago,-6.0000
446,US1380508,Warner Robins,GA,US,87761,32.5971,-83.6539,132,America/New_York,-5.0000
447,US0659444,Rancho Cordova,CA,US,87554,38.5771,-121.2362,28,America/Los_Angeles,-8.0000
448,US1243975,Melbourne,FL,US,87097,28.1104,-80.6627,12,America/New_York,-5.0000
449,US3725580,Gastonia,NC,US,87067,35.2490,-81.1848,249,America/New_York,-5.0000
450,US4806128,Baytown,TX,US,86561,29.7648,-94.9675,9,America/Chicago,-6.0000
451,US4147000,Medford,OR,US,86494,42.3360,-122.8518,422,America/Los_Angeles,-8.0000
452,US0669070,Santa Barbara,CA,US,86422,34.4036,-119.7137,16,America/Los_Angeles,-8.0000
453,US1973335,Sioux City,IA,US,86356,42.4954,-96.3895,364,America/Chicago,-6.0000
454,US0613588,Citrus Heights,CA,US,86348,38.6948,-121.2880,52,America/Los_Angeles,-8.0000
455,US5303180,Auburn,WA,US,86301,47.3047,-122.2107,25,America/Los_Angeles,-8.0000
456,CA2460013,Repentigny,QC,CA,86100,45.7581,-73.4763,10,America/Toronto,-5.0000
457,US3650617,New Rochelle,NY,US,85864,40.9232,-73.7793,37,America/New_York,-5.0000
458,US1236950,Kissimmee,FL,US,85591,28.3028,-81.4178,23,America/New_York,-5.0000
459,US0649670,Mountain View,CA,US,85438,37.3997,-122.0793,34,America/Los_Angeles,-8.0000
460,US4943660,Layton,UT,US,85308,41.0774,-111.9607,1327,America/Denver,-7.0000
461,US0103076,Auburn,AL,US,85113,32.6071,-85.4910,220,America/Chicago,-6.0000
462,US4419180,Cranston,RI,US,84647,41.7697,-71.4850,-1,America/New_York,-5.0000
463,US4846452,Mansfield,TX,US,84444,32.5692,-97.1205,188,America/Chicago,-6.0000
464,US4474300,Warwick,RI,US,84187,41.7031,-71.4203,-9,America/New_York,-5.0000
465,US0812415,Castle Rock,CO,US,83815,39.3762,-104.8529,1903,America/Denver,-7.0000
466,US2707966,Brooklyn Park,MN,US,83543,45.1109,-93.3491,263,America/Chicago,-6.0000
467,US1805860,Bloomington,IN,US,83307,39.1637,-86.5243,243,America/Indiana/Indianapolis,-5.0000
468,US0535710,Jonesboro,AR,US,83296,35.8198,-90.6790,96,America/Chicago,-6.0000
469,US2627440,Farmington Hills,MI,US,83291,42.4856,-83.3760,260,America/Detroit,-5.0000
470,US4843888,Longview,TX,US,83236,32.5202,-94.7611,119,America/Chicago,-6.0000
471,US5353545,Pasco,WA,US,82848,46.2661,-119.1214,115,America/Los_Angeles,-8.0000
472,US2241155,Lake Charles,LA,US,82676,30.1990,-93.2108,6,America/Chicago,-6.0000
473,US5357535,Redmond,WA,US,82506,47.6779,-122.1153,15,America/Los_Angeles,-8.0000
474,US2686000,Westland,MI,US,82333,42.3192,-83.3808,202,America/Detroit,-5.0000
475,US1714351,Cicero,IL,US,81858,41.8445,-87.7593,186,America/Chicago,-6.0000
476,US2771428,Woodbury,MN,US,81558,44.9063,-92.9237,323,America/Chicago,-6.0000
477,US5147672,Lynchburg,VA,US,81347,37.3990,-79.1955,225,America/New_York,-5.0000
478,US1239425,Largo,FL,US,80690,27.9087,-82.7742,17,America/New_York,-5.0000
479,US4652980,Rapid City,SD,US,80589,44.0711,-103.2179,990,America/Denver,-7.0000
480,US3701520,Apex,NC,US,80419,35.7256,-78.8799,153,America/New_York,-5.0000
481,US1342425,Johns Creek,GA,US,80401,34.0327,-84.2038,293,America/New_York,-5.0000
482,CA2475017,Saint-Jérôme,QC,CA,80213,45.7955,-74.0397,95,America/Toronto,-5.0000
483,US4206088,Bethlehem,PA,US,79644,40.6264,-75.3679,111,America/New_York,-5.0000
484,US4826232,Flower Mound,TX,US,79540,33.0379,-97.1133,186,America/Chicago,-6.0000
485,CA1307022,Moncton,NB,CA,79470,46.1207,-64.8138,30,America/Moncton,-4.0000
486,US2629000,Flint,MI,US,79306,43.0244,-83.6920,231,America/Detroit,-5.0000
487,US2735180,Lakeville,MN,US,79270,44.6761,-93.2517,296,America/Chicago,-6.0000
488,CA2449058,Drummondville,QC,CA,79258,45.8682,-72.4826,89,America/Toronto,-5.0000
489,US4813552,Cedar Park,TX,US,79032,30.5102,-97.8186,278,America/Chicago,-6.0000
490,US2751730,Plymouth,MN,US,78942,45.0223,-93.4629,292,America/Chicago,-6.0000
491,CA5915029,New Westminster,BC,CA,78916,49.2078,-122.9188,64,America/Vancouver,-8.0000
492,US3050200,Missoula,MT,US,78903,46.8744,-114.0261,978,America/Denver,-7.0000
493,US1348288,Mableton,GA,US,78820,33.8130,-84.5769,300,America/New_York,-5.0000
494,US1706613,Bloomington,IL,US,78804,40.4758,-88.9699,246,America/Chicago,-6.0000
495,US0647766,Milpitas,CA,US,78596,37.4331,-121.8909,5,America/Los_Angeles,-8.0000
496,US2688940,Wyoming,MI,US,78588,42.8903,-85.7067,199,America/Detroit,-5.0000
497,US3961000,Parma,OH,US,78581,41.3836,-81.7286,264,America/New_York,-5.0000
498,US2267303,St. George,LA,US,78536,30.3640,-91.0264,14,America/Chicago,-6.0000
499,US2108902,Bowling Green,KY,US,78505,36.9768,-86.4337,163,America/Chicago,-6.0000
