location_id,eccc_station_ids,primary_station_name,distance_km,elevation_m,utc_offset_hours
500,4841|31688|5097,TORONTO BUTTONVILLE A,17.24,198.1,-5
501,10761|10873|5415,MCTAVISH,9.53,72.8,-5
502,888|6830|6833,VANCOUVER HARBOUR CS,14.54,2.5,-8
503,9010|2205|2171,COP UPPER,10.88,1235.0,-8
504,1868|27214|27793,EDMONTON NAMAO A,14.71,687.9,-8
505,30578|8375|4337,OTTAWA CDA RCS,1.81,79.2,-5
506,28051|3698|51097,WINNIPEG THE FORKS,1.33,230.0,-6
507,5293|27377|27803,VALCARTIER A,20.11,167.6,-5
508,7868|27529|4932,BURLINGTON PIERS (AUT),6.74,77.4,-5
509,41983|45407|48569,ELORA RCS,24.69,376.4,-5
510,10999|4789|50093,LONDON CS,10.75,278.0,-5
511,52|6812|65,ESQUIMALT HARBOUR,7.39,3.0,-8
512,6465|10945|7169,SHEARWATER A,10.64,44.0,-4
513,48649|52727|52726,OSHAWA,2.04,139.9,-5
514,30266|4716|10084,HARROW CDA AUTO,28.67,191.0,-6
515,3328|47707|50091,SASKATOON DIEFENBAKER INT'L A,6.13,504.1,-7
516,7790|31367|4683,PORT WELLER (AUT),12.78,79.0,-5
517,28011|3002|44543,REGINA RCS,4.78,577.3,-7
518,6720|27286|48871,ST JOHN'S A,10.1,140.5,-4
519,48369|1001|51117,KELOWNA,16.74,433.1,-8
520,27604|42183|29516,EGBERT CS,18.4,251.0,-5
521,5397|10801|48371,LENNOXVILLE,8.21,181.0,-5
522,41983|45407|48569,ELORA RCS,19.31,376.4,-5
523,30578|4337|49568,OTTAWA CDA RCS,17.85,79.2,-5
524,702|50308|50368,ABBOTSFORD A,4.06,59.13,-8
525,8321|10764|10732,TROIS-RIVIERES,7.89,62.2,-5
526,4295|47267|50428,KINGSTON A,5.42,92.4,-5
527,7868|27529|5097,BURLINGTON PIERS (AUT),25.95,77.4,-5
528,6207|50309|54282,MONCTON A,7.66,70.7,-4
529,925|6830|49088,WHITE ROCK CAMPBELL SCIENTIFIC,3.51,13.0,-8
530,29411|138|192,ENTRANCE ISLAND,12.97,7.6,-8
531,4932|49908|53378,HAMILTON A,28.19,237.7,-5
532,5889|5911|27315,BAGOTVILLE A,14.08,159.1,-5
533,5616|49608|42014,MONTREAL/MIRABEL INT'L A,10.64,82.6,-5
534,10906|2134|41784,LACOMBE CDA 2,20.2,860.0,-8
535,4061|30682|4055,WELCOME ISLAND (AUT),12.37,211.4,-6
536,2265|2263|42726,LETHBRIDGE CDA,5.04,910.0,-8
537,1275|42203|51423,KAMLOOPS A,9.62,345.3,-8
538,4132|49508|50840,SUDBURY A,19.83,348.39,-5
539,10843|48374|5490,L'ACADIE,7.1,43.8,-5
540,43763|48952|5186,PETERBOROUGH TRENT U,5.56,216.0,-5
541,706|50368|6830,AGASSIZ RCS,17.33,19.3,-8
542,10873|10762|10761,STE-ANNE-DE-BELLEVUE 1,14.07,39.0,-5
543,5126|30723|55238,TRENTON A,0.78,86.3,-5
544,44323|48373|4589,SARNIA CLIMATE,3.04,181.0,-5
545,9010|2205|43580,COP UPPER,27.6,1235.0,-8
546,47587|8321|10732,SAINT-GERMAIN-DE-GRANTHAM,8.02,76.84,-5
547,7790|9005|31367,PORT WELLER (AUT),28.02,79.0,-5
548,27216|2519|49490,FORT MCMURRAY CS,13.39,368.8,-7
549,631|48370|48248,PRINCE GEORGE A,6.75,691.3,-8
550,4093|50092|54838,SAULT STE MARIE A,14.98,192.0,-6
551,7558|29493|30309,GAGETOWN A,19.98,50.6,-4
552,6250|50310|55378,SAINT JOHN A,16.83,108.8,-4
553,30347|2273|42730,MEDICINE HAT RCS,2.93,715.0,-7
554,2718|51422|31468,GRANDE PRAIRIE A,7.41,669.0,-8
555,42013|42011|10815,GRANBY,5.53,86.0,-5
556,48649|52727|52726,OSHAWA,17.66,139.9,-5
557,26856|48374|5490,VARENNES,22.37,17.9,-5
558,6526|30308|50621,CHARLOTTETOWN A,4.56,48.8,-4
559,46987|6837|1065,VERNON AUTO,9.66,482.0,-8
560,4201|50839|52318,NORTH BAY A,5.98,370.3,-5
561,42011|43191|5237,ROUGEMONT,25.13,54.0,-5
562,3471|49909|50821,BRANDON A,7.85,409.4,-7
563,5237|42903|43189,L'ASSOMPTION,25.89,21.0,-5
564,155|46567|8045,COMOX A,4.12,25.6,-8
565,41738|42004|10982,MOOSE CREEK WELLS,28.4,84.5,-5
566,29714|10812|10764,LEMIEUX,27.91,97.2,-5
567,10999|27528|4789,LONDON CS,34.56,278.0,-5
568,10999|4789|50093,LONDON CS,29.66,278.0,-5
569,9006|32473|52118,ERIEAU (AUT),29.09,178.0,-5
570,5097|45407|51459,TORONTO LESTER B. PEARSON INT'L A,23.2,173.4,-5
571,10982|10873|47888,ST-ANICET 1,22.23,49.1,-5
572,27214|1870|27492,EDMONTON BLATCHFORD,25.29,671.0,-8
573,8321|10764|27646,TROIS-RIVIERES,20.75,62.2,-5
574,10938|27194|5814,ILE BICQUETTE,25.38,7.0,-5
575,27604|54958|53778,EGBERT CS,20.77,251.0,-5
576,145|51317|52979,CAMPBELL RIVER A,5.66,108.8,-8
577,979|1053|50269,SUMMERLAND CS,7.94,454.2,-8
578,3322|51878|54498,PRINCE ALBERT A,7.68,428.2,-7
579,4841|50637|54239,TORONTO BUTTONVILLE A,14.8,198.1,-5
580,10975|43191|8321,LAC SAINT-PIERRE,24.48,16.2,-5
581,6830|702|50308,PITT MEADOWS CS,29.85,5.0,-8
582,30266|27533|9032,HARROW CDA AUTO,18.26,191.0,-6
583,51938|52735|52728,MONO CENTRE,12.69,436.0,-5
584,27793|1865|46850,EDMONTON INTERNATIONAL CS,6.4,715.0,-8
585,10911|42183|52729,LAGOON CITY,14.93,220.7,-5
586,10999|41983|4789,LONDON CS,40.56,278.0,-5
587,2967|27476|10805,MOOSE JAW A,7.37,576.7,-7
588,9010|2171|52200,COP UPPER,22.28,1235.0,-8
589,1920|48550|46808,LLOYDMINSTER A,5.83,668.43,-7
590,6486|44503|52518,SYDNEY A,12.17,61.9,-4
591,47747|47727|48468,BLACK DIAMOND,12.24,1156.0,-8
592,27604|42183|7697,EGBERT CS,21.56,251.0,-5
593,4180|47547|50460,TIMMINS VICTOR POWER A,10.65,294.7,-5
594,26777|45309|51638,BEAUCEVILLE,13.48,229.2,-5
595,138|6813|45627,BALLENAS ISLAND,12.1,14.51,-8
596,27604|42183|50637,EGBERT CS,24.14,251.0,-5
597,1868|1873|27214,EDMONTON NAMAO A,17.21,687.9,-8
598,4841|5097|51459,TORONTO BUTTONVILLE A,29.39,198.1,-5
599,10973|10088|7733,BEAUSOLEIL,10.78,183.0,-5
