location_id,center_lat,center_lng,offset_km,matched
0,40.7143,-74.006,8.07,True
1,34.0522,-118.2437,15.83,True
2,43.7064,-79.3986,1.79,True
3,41.85,-87.65,3.23,True
4,29.7633,-95.3633,3.51,True
5,45.5088,-73.5878,10.54,True
6,33.4484,-112.074,13.85,True
7,39.9524,-75.1636,6.85,True
8,29.4241,-98.4936,5.24,True
9,32.7157,-117.1647,13.39,True
10,32.7831,-96.8067,3.92,True
11,51.0501,-114.0853,2.87,True
12,32.7254,-97.3208,6.81,True
13,30.3322,-81.6556,0.78,True
14,45.4112,-75.6981,25.12,True
15,53.5501,-113.4687,4.05,True
16,30.2672,-97.7431,3.65,True
17,37.3394,-121.895,8.59,True
18,35.2271,-80.8431,2.29,True
19,39.9612,-82.9988,2.93,True
20,39.7684,-86.158,1.39,True
21,37.7749,-122.4194,54.14,True
22,47.6062,-122.3321,2.06,True
23,49.8844,-97.147,2.39,True
24,39.7392,-104.9847,9.21,True
25,36.1659,-86.7844,0.66,True
26,35.4676,-97.5164,0.25,True
27,43.5789,-79.6583,1.76,True
28,38.8951,-77.0364,1.99,True
29,31.7587,-106.4869,11.22,True
30,36.175,-115.1372,13.11,True
31,42.3584,-71.0598,4.06,True
32,49.2497,-123.1193,0.78,True
33,43.6834,-79.7663,3.67,True
34,42.3314,-83.0457,7.38,True
35,38.2542,-85.7594,13.91,True
36,45.5234,-122.6762,2.54,True
37,35.1495,-90.049,8.58,True
38,39.2904,-76.6122,1.08,True
39,43.2501,-79.8496,8.85,True
40,49.1063,-122.8251,2.05,True
41,43.0389,-87.9065,5.6,True
42,35.0845,-106.6511,2.29,True
43,36.7477,-119.7724,4.32,True
44,46.8123,-71.2145,4.6,True
45,32.2217,-110.9265,9.27,True
46,38.5816,-121.4944,2.75,True
47,33.749,-84.388,3.56,True
48,39.0997,-94.5786,3.74,True
49,33.4223,-111.8226,10.22,True
50,35.7721,-78.6386,6.65,True
51,38.8339,-104.8214,6.43,True
52,25.7743,-80.1937,1.5,True
53,41.2563,-95.9404,9.48,True
54,36.8529,-75.978,9.35,True
55,33.767,-118.1892,2.48,True
56,37.8044,-122.2708,5.52,True
57,44.6427,-63.5769,38.38,True
58,45.5699,-73.692,4.69,True
59,44.98,-93.2638,1.89,True
60,42.9834,-81.233,3.38,True
61,35.3733,-119.0187,2.83,True
62,36.154,-95.9928,8.63,True
63,27.9475,-82.4584,3.27,True
64,39.7294,-104.8319,9.78,True
65,32.7357,-97.1081,4.19,True
66,37.6922,-97.3375,0.75,True
67,41.4995,-81.6954,2.69,True
68,29.9547,-90.0751,17.43,True
69,36.0397,-114.9819,5.28,True
70,33.8353,-117.9145,14.56,True
71,43.8668,-79.2663,2.83,True
72,28.5383,-81.3792,9.29,True
73,37.9887,-84.4777,6.03,True
74,37.9577,-121.2908,2.62,True
75,40.7357,-74.1724,1.27,True
76,43.8361,-79.4983,5.21,True
77,33.9534,-117.3962,1.72,True
78,33.6695,-117.8231,4.9,True
79,27.8006,-97.3964,22.53,True
80,33.7456,-117.8678,1.73,True
81,39.1271,-84.5144,1.63,True
82,36.0726,-79.792,3.77,True
83,40.4406,-79.9959,1.71,True
84,44.9444,-93.0933,0.99,True
85,35.994,-78.8986,1.79,True
86,40.7282,-74.0776,2.16,True
87,40.8,-96.667,1.33,True
88,36.1989,-115.1175,10.44,True
89,33.0198,-96.6989,5.72,True
90,45.4772,-75.7016,6.67,True
91,33.3528,-111.789,6.37,True
92,43.0731,-89.4012,2.85,True
93,39.5296,-119.8138,3.78,True
94,33.3062,-111.8413,2.78,True
95,38.6273,-90.1979,4.16,True
96,32.6401,-117.0842,6.61,True
97,41.1306,-85.1289,4.86,True
98,42.8865,-78.8784,1.66,True
99,33.5779,-101.8552,3.59,True
100,27.5064,-99.5075,6.27,True
101,27.2939,-80.3503,4.03,True
102,52.1324,-106.6689,2.13,True
103,27.7709,-82.6793,3.58,True
104,41.6639,-83.5552,2.22,True
105,33.5386,-112.186,0.72,True
106,36.0999,-80.2442,1.53,True
107,32.814,-96.9489,5.24,True
108,43.4254,-80.5112,3.31,True
109,36.819,-76.2749,15.71,True
110,45.5152,-73.4682,2.45,True
111,32.9126,-96.6389,0.86,True
112,49.2664,-122.9526,2.37,True
113,33.5092,-111.899,19.78,True
114,43.6135,-116.2035,2.84,True
115,37.5538,-77.4603,2.85,True
116,33.1507,-96.8236,0.53,True
117,26.5629,-81.9495,10.12,True
118,33.1976,-96.6153,4.57,True
119,34.7304,-86.5859,9.06,True
120,36.8468,-76.2852,9.21,True
121,25.8576,-80.2781,2.83,True
122,47.6597,-117.4291,0.86,True
123,47.2529,-122.4443,1.17,True
124,42.3001,-83.0165,2.74,True
125,34.3917,-118.5426,4.73,True
126,37.5483,-121.9886,7.3,True
127,50.4501,-104.6178,0.95,True
128,30.4433,-91.1875,5.42,True
129,34.1083,-117.2898,3.67,True
130,34.0922,-117.4351,3.22,True
131,37.6391,-120.9969,0.57,True
132,40.7608,-111.8911,3.81,True
133,33.9375,-117.2306,2.79,True
134,42.2626,-71.8023,0.89,True
135,43.4501,-79.6829,3.38,True
136,43.5437,-96.728,0.47,True
137,40.9304,-73.8979,3.09,True
138,41.6005,-93.6091,3.11,True
139,49.17,-123.1368,2.24,True
140,32.746,-96.9978,7.76,True
141,35.0527,-78.8784,9.28,True
142,34.7465,-92.2896,6.73,True
143,43.1548,-77.6156,1.68,True
144,35.222,-101.8313,2.46,True
145,30.4383,-84.2807,3.21,True
146,38.9822,-94.6708,10.51,True
147,32.461,-84.9877,11.91,True
148,43.8711,-79.4373,3.41,True
149,35.9606,-83.9207,2.8,True
150,33.471,-81.9748,14.87,True
151,42.9634,-85.6681,1.04,True
152,33.5806,-112.2374,23.78,True
153,30.6944,-88.043,6.85,True
154,45.6387,-122.6615,5.05,True
155,34.1975,-119.177,2.81,True
156,33.5207,-86.8025,0.89,True
157,41.824,-71.4128,0.5,True
158,32.3668,-86.3,3.68,True
159,35.0456,-85.3097,6.02,True
160,25.9017,-97.4975,9.89,True
161,33.6603,-117.9992,4.21,True
162,33.4148,-111.9093,3.6,True
163,41.0814,-81.519,0.23,True
164,36.5298,-87.3594,4.27,True
165,26.1223,-80.1434,2.13,True
166,34.1425,-118.2551,4.41,True
167,34.0633,-117.6509,5.07,True
168,43.3862,-79.8371,1.23,True
169,38.4088,-121.3716,1.33,True
170,35.7915,-78.7811,3.98,True
171,36.9804,-76.4297,13.43,True
172,44.9429,-123.0351,2.32,True
173,41.7606,-88.3201,2.51,True
174,38.4405,-122.7144,0.93,True
175,44.0521,-123.0867,2.63,True
176,34.1064,-117.5931,3.64,True
177,26.0032,-80.2239,11.69,True
178,32.5251,-93.7502,7.58,True
179,43.9001,-78.8496,4.33,True
180,33.6306,-112.3332,11.91,True
181,45.4001,-71.8991,5.03,True
182,40.5853,-105.0844,4.44,True
183,35.8456,-86.3903,2.94,True
184,33.1959,-117.3795,7.52,True
185,33.7739,-117.9415,1.84,True
186,34.698,-118.1367,3.56,True
187,37.2153,-93.2982,2.4,True
188,33.2148,-97.1331,0.82,True
189,38.7521,-121.288,3.4,True
190,46.49,-80.99,13.01,True
191,31.1171,-97.7278,4.4,True
192,34.5794,-118.1165,1.64,True
193,40.9168,-74.1718,0.79,True
194,33.8753,-117.5664,1.48,True
195,38.8048,-77.0469,3.57,True
196,32.7763,-79.9327,6.86,True
197,36.6777,-121.6555,2.38,True
198,39.1142,-94.6275,9.91,True
199,32.8407,-83.6324,6.76,True
200,37.6688,-122.0808,5.1,True
201,26.0112,-80.1495,2.67,True
202,39.7047,-105.0814,3.17,True
203,37.3688,-122.0363,2.09,True
204,42.1015,-72.5898,4.39,True
205,47.6104,-122.2007,3.6,True
206,49.058,-122.2526,2.9,True
207,41.7859,-88.1473,4.26,True
208,41.1792,-73.1894,1.05,True
209,41.5252,-88.0834,5.46,True
210,32.7668,-96.5992,1.62,True
211,26.2034,-98.23,2.89,True
212,38.8814,-94.8191,0.11,True
213,46.8033,-71.1779,11.63,True
214,32.0835,-81.0998,11.9,True
215,29.6516,-82.3248,3.76,True
216,49.2846,-122.7822,4.63,True
217,29.6911,-95.2091,6.89,True
218,28.0345,-80.5887,11.6,True
219,44.4001,-79.6663,4.41,True
220,34.0553,-117.7523,0.89,True
221,31.5493,-97.1467,4.2,True
222,39.868,-104.9719,6.38,True
223,31.9974,-102.0779,4.52,True
224,42.2711,-89.094,2.83,True
225,34.0007,-81.0348,12.66,True
226,36.3302,-119.2921,3.13,True
227,33.1192,-117.0864,1.93,True
228,43.0481,-76.1474,0.85,True
229,48.4168,-71.0657,6.68,True
230,49.8831,-119.4857,3.24,True
231,43.5459,-80.256,1.65,True
232,43.6121,-116.3915,0.74,True
233,34.5361,-117.2912,5.8,True
234,30.5083,-97.6789,2.47,True
235,32.2988,-90.1848,3.25,True
236,41.0534,-73.5387,2.97,True
237,46.3451,-72.5477,5.24,True
238,33.0462,-96.9942,1.89,True
239,26.2712,-80.2706,1.13,True
240,41.3081,-72.9282,0.4,True
241,33.8703,-117.9253,1.73,True
242,43.3601,-80.3127,5.5,True
243,33.8359,-118.3406,1.59,True
244,33.7878,-117.8531,0.76,True
245,42.0083,-91.6441,5.7,True
246,40.6916,-112.0011,0.97,True
247,37.0299,-76.3452,4.71,True
248,42.4904,-83.013,1.02,True
249,43.1713,-79.2427,1.78,True
250,39.7589,-84.1916,2.94,True
251,46.8772,-96.7898,3.29,True
252,34.1478,-118.1445,1.55,True
253,47.3809,-122.2348,1.9,True
254,32.9537,-96.8903,4.07,True
255,42.5803,-83.0302,0.1,True
256,43.5168,-79.8829,7.24,True
257,49.1011,-122.6588,6.21,True
258,44.2298,-76.481,4.11,True
259,32.4487,-99.7331,0.79,True
260,35.2226,-97.4395,8.79,True
261,38.9517,-92.3341,0.82,True
262,29.5636,-95.2861,3.68,True
263,36.8252,-119.7029,1.9,True
264,32.8546,-79.9748,10.97,True
265,33.9609,-83.3779,1.45,True
266,30.628,-96.3344,5.99,True
267,26.7153,-80.0534,8.03,True
268,34.2356,-77.946,6.27,True
269,40.6084,-75.4902,1.93,True
270,39.0483,-95.678,2.18,True
271,28.0395,-81.9498,1.85,True
272,33.3703,-112.5838,8.67,True
273,36.0526,-95.7908,2.0,True
274,34.2694,-118.7815,3.04,True
275,44.0216,-92.4699,1.07,True
276,30.2241,-92.0198,2.2,True
277,38.1041,-122.2566,0.59,True
278,37.978,-122.0311,2.66,True
279,39.8028,-105.0875,6.37,True
280,31.8457,-102.3676,4.41,True
281,42.3751,-71.1056,1.08,True
282,29.703,-98.1244,0.99,True
283,38.2494,-122.04,1.55,True
284,42.2776,-83.7409,0.84,True
285,34.1706,-118.8376,4.21,True
286,41.7637,-72.6851,0.38,True
287,37.8716,-122.2728,2.37,True
288,39.0911,-94.4155,5.51,True
289,43.4668,-80.5164,2.8,True
290,45.7833,-108.5007,4.06,True
291,35.9557,-80.0053,4.07,True
292,43.5407,-116.5635,5.08,True
293,42.6334,-71.3162,0.74,True
294,45.7,-73.6473,2.57,True
295,29.5074,-95.0949,2.37,True
296,30.3119,-95.4561,3.32,True
297,38.0049,-121.8058,3.08,True
298,33.7283,-117.1464,5.53,True
299,32.9482,-96.7297,3.36,True
300,48.5496,-123.3693,6.18,True
301,26.2379,-80.1248,1.0,True
302,32.3123,-106.7783,1.89,True
303,42.9956,-71.4548,1.48,True
304,40.6097,-111.9391,5.31,True
305,39.8366,-105.0372,5.26,True
306,37.9748,-87.5559,2.35,True
307,41.5581,-73.0515,1.23,True
308,42.0373,-88.2812,3.68,True
309,40.4233,-104.7091,5.34,True
310,33.4936,-117.1484,1.55,True
311,37.9358,-122.3478,2.16,True
312,35.4089,-80.5816,5.23,True
313,40.2338,-111.6585,1.71,True
314,35.2334,-106.6645,6.55,True
315,27.9658,-82.8001,3.2,True
316,33.2098,-87.5692,4.68,True
317,33.5539,-117.2139,3.02,True
318,42.7325,-84.5555,2.07,True
319,32.3513,-95.3011,3.81,True
320,25.942,-80.2456,0.79,True
321,47.979,-122.2021,1.76,True
322,39.8017,-89.6437,1.18,True
323,30.0861,-94.1018,4.18,True
324,33.5926,-84.6729,9.58,True
325,33.1581,-117.3506,6.96,True
326,39.5349,-119.7527,5.43,True
327,45.4982,-122.4315,0.91,True
328,34.953,-120.4357,2.33,True
329,45.5229,-122.9898,4.26,True
330,40.6936,-89.589,6.87,True
331,26.0629,-80.2331,5.3,True
332,26.3017,-98.1633,2.1,True
333,47.5649,-52.7093,18.43,True
334,38.2544,-104.6091,1.65,True
335,34.2783,-119.2932,3.77,True
336,29.585,-81.2078,6.32,True
337,48.382,-89.2502,4.2,True
338,37.1041,-113.5841,3.09,True
339,39.5792,-104.8769,1.72,True
340,33.94,-118.1326,0.25,True
341,49.0892,-123.0532,6.42,True
342,47.6732,-117.2394,1.2,True
343,29.6197,-95.635,2.99,True
344,38.9108,-94.3822,1.22,True
345,44.0582,-121.3153,0.61,True
346,33.9925,-117.5164,4.64,True
347,30.6327,-97.6772,4.44,True
348,44.5192,-88.0198,2.65,True
349,36.0626,-94.1574,1.29,True
350,42.0834,-71.0184,0.52,True
351,39.9784,-86.118,2.96,True
352,42.3223,-83.1763,3.07,True
353,32.7253,-114.6244,25.15,True
354,39.7285,-121.8375,3.79,True
355,33.9243,-84.3785,1.2,True
356,47.4829,-122.2171,1.74,True
357,39.9556,-86.0139,3.94,True
358,36.7284,-76.585,5.63,True
359,43.1334,-80.2664,2.57,True
360,42.4668,-70.9495,1.36,True
361,42.4122,-82.1849,4.39,True
362,38.3566,-121.9877,1.68,True
363,37.563,-122.3255,1.35,True
364,41.6834,-86.25,1.73,True
365,34.4264,-117.3009,3.52,True
366,33.9137,-98.4934,3.09,True
367,37.7399,-121.4262,2.68,True
368,41.6353,-70.927,3.03,True
369,32.7948,-116.9625,0.79,True
370,42.6526,-73.7562,3.74,True
371,26.6217,-81.8406,0.98,True
372,43.9168,-78.6829,6.48,True
373,37.7058,-122.4619,0.53,True
374,33.4356,-112.3496,13.75,True
375,52.2668,-113.802,1.74,True
376,31.4638,-100.437,2.83,True
377,35.6528,-97.4781,6.32,True
378,41.5236,-90.5776,4.29,True
379,28.9005,-81.2637,5.15,True
380,49.1664,-123.94,1.79,True
381,47.3223,-122.3126,2.24,True
382,37.3022,-120.483,1.51,True
383,42.5847,-87.8212,4.82,True
384,53.5168,-113.3187,15.95,True
385,37.271,-79.9414,1.7,True
386,31.0982,-97.3428,4.42,True
387,49.7,-112.8186,2.38,True
388,33.2,-117.2425,1.23,True
389,50.6665,-120.3192,7.64,True
390,45.3071,-73.2626,2.83,True
391,45.4871,-122.8037,1.44,True
392,46.6021,-120.5059,3.55,True
393,47.6815,-122.2087,1.73,True
394,36.8354,-76.2983,5.86,True
395,27.0442,-82.2359,4.07,True
396,35.6127,-77.3663,1.98,True
397,48.7595,-122.4882,1.49,True
398,38.9717,-95.2352,2.94,True
399,38.8106,-90.6998,4.02,True
400,40.3357,-75.9269,0.4,True
401,32.7941,-79.8626,1.61,True
402,40.3916,-111.8508,3.32,True
403,41.7015,-71.1551,5.71,True
404,40.2969,-111.6946,0.43,True
405,33.1434,-117.1661,1.25,True
406,41.1176,-73.4079,2.94,True
407,43.1001,-79.0663,6.16,True
408,33.7207,-116.2168,2.15,True
409,40.5865,-122.3917,2.77,True
410,46.1351,-60.1831,15.0,True
411,33.4054,-86.8114,3.37,True
412,35.6009,-82.554,3.33,True
413,49.1664,-121.9526,7.75,True
414,42.3684,-83.3527,3.59,True
415,42.7654,-71.4676,2.6,True
416,39.4143,-77.4105,2.52,True
417,30.6744,-96.37,1.41,True
418,38.678,-121.1761,3.25,True
419,48.4359,-123.3516,0.93,True
420,42.1292,-80.0851,1.7,True
421,45.4501,-73.4658,0.85,True
422,40.2171,-74.7429,1.91,True
423,34.0232,-84.3616,2.07,True
424,40.1164,-88.2434,2.67,True
425,30.5788,-97.8531,0.97,True
426,49.2194,-122.6019,6.49,True
427,35.3859,-94.3986,4.78,True
428,42.337,-71.2092,0.59,True
429,36.1867,-94.1288,2.42,True
430,34.6087,-98.3903,3.0,True
431,35.9251,-86.8689,1.94,True
432,35.687,-105.9378,4.85,True
433,33.2487,-111.6343,2.21,True
434,41.223,-111.9738,0.77,True
435,42.707,-71.1631,0.76,True
436,44.8408,-93.2983,1.82,True
437,41.3948,-73.454,2.06,True
438,26.2159,-98.3253,1.31,True
439,42.6056,-83.1499,2.44,True
440,29.2108,-81.0228,7.55,True
441,46.2112,-119.1372,3.34,True
442,46.7833,-92.1066,2.31,True
443,49.3164,-123.0693,6.99,True
444,44.0501,-79.4663,0.45,True
445,42.3636,-87.8448,2.24,True
446,32.6157,-83.6266,3.29,True
447,38.5891,-121.3027,5.93,True
448,28.0836,-80.6081,6.13,True
449,35.2621,-81.1873,1.47,True
450,29.7355,-94.9774,3.4,True
451,42.3265,-122.8756,2.22,True
452,34.4208,-119.6982,2.39,True
453,42.5,-96.4003,1.02,True
454,38.7071,-121.2811,1.5,True
455,47.3073,-122.2284,1.37,True
456,45.7422,-73.4501,2.69,True
457,40.9115,-73.7823,1.33,True
458,28.3047,-81.4167,0.24,True
459,37.386,-122.0838,1.57,True
460,41.0602,-111.9711,2.1,True
461,32.6099,-85.4808,1.01,True
462,41.7798,-71.4373,4.11,True
463,32.5632,-97.1417,2.09,True
464,41.7001,-71.4162,0.48,True
465,39.3722,-104.8561,0.52,True
466,45.0941,-93.3563,1.95,True
467,39.1653,-86.5264,0.26,True
468,35.8423,-90.7043,3.38,True
469,42.4853,-83.3772,0.1,True
470,32.5007,-94.7405,2.9,True
471,46.2396,-119.1006,3.36,True
472,30.2131,-93.2044,1.68,True
473,47.674,-122.1215,0.64,True
474,42.3242,-83.4002,1.69,True
475,41.8456,-87.7539,0.46,True
476,44.9239,-92.9594,3.42,True
477,37.4138,-79.1423,4.98,True
478,27.9098,-82.7884,1.4,True
479,44.0805,-103.231,1.48,True
480,35.7326,-78.8503,2.79,True
481,34.0289,-84.1986,0.64,True
482,45.7804,-74.0036,3.26,True
483,40.6259,-75.3705,0.22,True
484,33.0146,-97.097,3.01,True
485,46.0945,-64.7965,3.2,True
486,43.0125,-83.6875,1.37,True
487,44.6497,-93.2427,3.02,True
488,45.8834,-72.4824,1.69,True
489,30.5052,-97.8203,0.58,True
490,45.0105,-93.4555,1.43,True
491,49.2068,-122.9109,0.58,True
492,46.8721,-113.994,2.45,True
493,33.8187,-84.5824,0.82,True
494,40.4842,-88.9937,2.22,True
495,37.4283,-121.9066,1.49,True
496,42.9134,-85.7053,2.57,True
497,41.4048,-81.7229,2.4,True
498,30.364,-91.0264,0.0,False
499,36.9903,-86.4436,1.74,True
