location_id,lat,lng,cell_lat,cell_lon,snapped
0,40.713,-74.006,40.6875,-74.0625,False
1,34.052,-118.244,34.0625,-118.1875,False
2,41.878,-87.63,41.9375,-87.6875,False
3,29.76,-95.37,29.8125,-95.3125,False
4,39.953,-75.165,39.9375,-75.1875,False
5,33.448,-112.074,33.4375,-112.0625,False
6,29.424,-98.494,29.4375,-98.4375,False
7,32.716,-117.161,32.6875,-117.1875,False
8,32.777,-96.797,32.8125,-96.8125,False
9,37.338,-121.886,37.3125,-121.9375,False
10,30.267,-97.743,30.3125,-97.6875,False
11,39.768,-86.158,39.8125,-86.1875,False
12,30.332,-81.656,30.3125,-81.6875,False
13,37.775,-122.419,37.8125,-122.4375,False
14,39.961,-82.999,39.9375,-82.9375,False
15,35.227,-80.843,35.1875,-80.8125,False
16,32.755,-97.331,32.8125,-97.3125,False
17,42.331,-83.046,42.3125,-83.0625,False
18,31.778,-106.442,31.8125,-106.4375,False
19,35.15,-90.049,35.1875,-90.0625,False
20,47.606,-122.332,47.5625,-122.3125,False
21,39.739,-104.99,39.6875,-104.9375,False
22,38.907,-77.037,38.9375,-77.0625,False
23,42.36,-71.059,42.3125,-71.0625,False
24,36.163,-86.782,36.1875,-86.8125,False
25,39.29,-76.612,39.3125,-76.5625,False
26,35.468,-97.516,35.4375,-97.5625,False
27,38.253,-85.758,38.3125,-85.8125,False
28,45.523,-122.676,45.5625,-122.6875,False
29,36.17,-115.14,36.1875,-115.1875,False
30,43.039,-87.906,43.0625,-87.9375,False
31,35.085,-106.606,35.0625,-106.5625,False
32,32.222,-110.926,32.1875,-110.9375,False
33,36.747,-119.773,36.6875,-119.8125,False
34,38.582,-121.494,38.5625,-121.4375,False
35,33.77,-118.194,33.8125,-118.1875,False
36,39.1,-94.579,39.0625,-94.5625,False
37,33.415,-111.831,33.4375,-111.8125,False
38,36.853,-75.978,36.8125,-75.9375,False
39,33.749,-84.388,33.6875,-84.4375,False
40,38.834,-104.821,38.8125,-104.8125,False
41,41.252,-95.998,41.3125,-95.9375,False
42,35.78,-78.638,35.8125,-78.6875,False
43,25.762,-80.192,25.8125,-80.1875,False
44,37.804,-122.271,37.8125,-122.3125,False
45,44.978,-93.265,44.9375,-93.3125,False
46,36.154,-95.993,36.1875,-95.9375,False
47,41.499,-81.694,41.4375,-81.6875,False
48,37.689,-97.336,37.6875,-97.3125,False
49,32.736,-97.108,32.6875,-97.0625,False
50,29.951,-90.072,29.9375,-90.0625,False
51,35.373,-119.019,35.3125,-119.0625,False
52,27.951,-82.457,27.9375,-82.4375,False
53,39.729,-104.832,39.6875,-104.8125,False
54,33.835,-117.915,33.8125,-117.9375,False
55,33.746,-117.868,33.6875,-117.8125,False
56,38.627,-90.199,38.6875,-90.1875,False
57,33.953,-117.396,33.9375,-117.4375,False
58,27.801,-97.396,27.8125,-97.4375,False
59,38.041,-84.504,38.0625,-84.5625,False
60,40.441,-79.996,40.4375,-79.9375,False
61,37.958,-121.291,37.9375,-121.3125,False
62,39.103,-84.512,39.0625,-84.5625,False
63,44.954,-93.09,44.9375,-93.0625,False
64,41.664,-83.555,41.6875,-83.5625,False
65,36.073,-79.792,36.0625,-79.8125,False
66,40.736,-74.172,40.6875,-74.1875,False
67,33.02,-96.699,33.0625,-96.6875,False
68,36.04,-114.982,36.0625,-114.9375,False
69,40.826,-96.685,40.8125,-96.6875,False
70,42.886,-78.878,42.9375,-78.9375,False
71,32.64,-117.084,32.6875,-117.0625,False
72,41.079,-85.139,41.0625,-85.1875,False
73,28.538,-81.379,28.5625,-81.4375,False
74,27.773,-82.64,27.8125,-82.6875,False
75,33.306,-111.841,33.3125,-111.8125,False
76,27.531,-99.48,27.5625,-99.4375,False
77,36.851,-76.286,36.8125,-76.3125,False
78,35.994,-78.899,35.9375,-78.9375,False
79,43.073,-89.401,43.0625,-89.4375,False
80,33.578,-101.855,33.5625,-101.8125,False
81,36.1,-80.244,36.0625,-80.1875,False
82,33.539,-112.186,33.5625,-112.1875,False
83,39.53,-119.814,39.5625,-119.8125,False
84,30.458,-91.14,30.4375,-91.1875,False
85,36.199,-115.118,36.1875,-115.0625,False
86,37.548,-121.989,37.5625,-121.9375,False
87,43.619,-116.215,43.5625,-116.1875,False
88,37.541,-77.436,37.5625,-77.4375,False
89,34.108,-117.29,34.0625,-117.3125,False
90,33.521,-86.802,33.5625,-86.8125,False
91,47.659,-117.426,47.6875,-117.4375,False
92,43.161,-77.611,43.1875,-77.5625,False
93,41.601,-93.609,41.5625,-93.5625,False
94,37.639,-120.997,37.6875,-120.9375,False
95,35.053,-78.878,35.0625,-78.9375,False
96,47.253,-122.444,47.3125,-122.4375,False
97,34.198,-119.177,34.1875,-119.1875,False
98,32.461,-84.988,32.4375,-84.9375,False
99,32.367,-86.3,32.3125,-86.3125,False
100,32.525,-93.75,32.5625,-93.6875,False
101,41.761,-88.32,41.8125,-88.3125,False
102,40.931,-73.899,40.9375,-73.9375,False
103,41.081,-81.519,41.0625,-81.5625,False
104,34.746,-92.29,34.6875,-92.3125,False
105,33.473,-82.011,33.4375,-82.0625,False
106,35.222,-101.831,35.1875,-101.8125,False
107,34.143,-118.255,34.1875,-118.3125,False
108,30.695,-88.04,30.6875,-88.0625,False
109,42.963,-85.668,42.9375,-85.6875,False
110,40.761,-111.891,40.8125,-111.9375,False
111,30.438,-84.281,30.4375,-84.3125,False
112,34.73,-86.586,34.6875,-86.5625,False
113,35.961,-83.921,35.9375,-83.9375,False
114,42.263,-71.802,42.3125,-71.8125,False
115,37.087,-76.473,37.0625,-76.4375,False
116,25.902,-97.497,25.9375,-97.4375,False
117,38.982,-94.671,38.9375,-94.6875,False
118,34.392,-118.543,34.4375,-118.5625,False
119,41.824,-71.413,41.8125,-71.4375,False
120,35.046,-85.31,35.0625,-85.3125,False
121,33.196,-117.379,33.1875,-117.4375,False
122,32.299,-90.185,32.3125,-90.1875,False
123,26.122,-80.137,26.0625,-80.1875,False
124,38.44,-122.714,38.4375,-122.6875,False
125,27.273,-80.358,27.3125,-80.3125,False
126,34.063,-117.651,34.0625,-117.6875,False
127,45.639,-122.661,45.6875,-122.6875,False
128,26.563,-81.95,26.5625,-81.9375,False
129,43.545,-96.731,43.5625,-96.6875,False
130,37.209,-93.292,37.1875,-93.3125,False
131,38.409,-121.372,38.4375,-121.3125,False
132,44.943,-123.035,44.9375,-123.0625,False
133,34.687,-118.154,34.6875,-118.1875,False
134,44.052,-123.087,44.0625,-123.0625,False
135,34.579,-118.116,34.5625,-118.0625,False
136,36.678,-121.656,36.6875,-121.6875,False
137,42.101,-72.59,42.0625,-72.5625,False
138,40.585,-105.084,40.5625,-105.0625,False
139,37.669,-122.081,37.6875,-122.0625,False
140,42.271,-89.094,42.3125,-89.0625,False
141,38.805,-77.047,38.8125,-77.0625,False
142,33.119,-117.086,33.0625,-117.0625,False
143,33.197,-96.64,33.1875,-96.6875,False
144,41.525,-88.082,41.5625,-88.0625,False
145,41.187,-73.195,41.1875,-73.1875,False
146,40.917,-74.172,40.9375,-74.1875,False
147,43.048,-76.147,43.0625,-76.1875,False
148,32.767,-96.599,32.8125,-96.5625,False
149,39.759,-84.192,39.8125,-84.1875,False
150,32.084,-81.1,32.0625,-81.0625,False
151,36.53,-87.359,36.5625,-87.3125,False
152,31.117,-97.728,31.0625,-97.6875,False
153,37.03,-76.345,37.0625,-76.3125,False
154,26.203,-98.23,26.1875,-98.1875,False
155,42.514,-83.015,42.5625,-83.0625,False
156,34.001,-81.035,34.0625,-81.0625,False
157,41.308,-72.928,41.3125,-72.9375,False
158,31.549,-97.147,31.5625,-97.1875,False
159,34.171,-118.838,34.1875,-118.8125,False
160,41.978,-91.666,41.9375,-91.6875,False
161,32.776,-79.931,32.8125,-79.9375,False
162,36.33,-119.292,36.3125,-119.3125,False
163,39.056,-95.689,39.0625,-95.6875,False
164,29.652,-82.325,29.6875,-82.3125,False
165,38.752,-121.288,38.8125,-121.3125,False
166,32.976,-96.89,32.9375,-96.9375,False
167,26.271,-80.271,26.3125,-80.3125,False
168,41.053,-73.539,41.0625,-73.5625,False
169,37.978,-122.031,37.9375,-122.0625,False
170,41.764,-72.685,41.8125,-72.6875,False
171,30.224,-92.02,30.1875,-92.0625,False
172,31.997,-102.078,31.9375,-102.0625,False
173,33.629,-112.368,33.6875,-112.3125,False
174,33.215,-97.133,33.1875,-97.1875,False
175,34.536,-117.293,34.5625,-117.3125,False
176,37.972,-87.571,37.9375,-87.5625,False
177,32.449,-99.733,32.4375,-99.6875,False
178,33.952,-83.358,33.9375,-83.3125,False
179,38.104,-122.257,38.0625,-122.3125,False
180,40.608,-75.49,40.5625,-75.4375,False
181,35.223,-97.439,35.1875,-97.4375,False
182,30.08,-94.127,30.0625,-94.1875,False
183,35.846,-86.39,35.8125,-86.4375,False
184,42.281,-83.743,42.3125,-83.6875,False
185,39.782,-89.65,39.8125,-89.6875,False
186,40.694,-89.589,40.6875,-89.5625,False
187,40.234,-111.659,40.1875,-111.6875,False
188,34.069,-118.028,34.0625,-118.0625,False
189,38.952,-92.334,38.9375,-92.3125,False
190,42.733,-84.556,42.6875,-84.5625,False
191,46.877,-96.79,46.9375,-96.8125,False
192,34.226,-77.945,34.1875,-77.9375,False
193,33.158,-117.351,33.1875,-117.3125,False
194,44.012,-92.48,44.0625,-92.4375,False
195,31.846,-102.368,31.8125,-102.3125,False
196,42.996,-71.455,42.9375,-71.4375,False
197,42.035,-88.283,42.0625,-88.3125,False
198,40.61,-111.939,40.5625,-111.9375,False
199,30.508,-97.679,30.5625,-97.6875,False
200,27.966,-82.8,27.9375,-82.8125,False
201,41.558,-73.051,41.5625,-73.0625,False
202,45.5,-122.43,45.5625,-122.4375,False
203,38.249,-122.04,38.1875,-122.0625,False
204,45.783,-108.501,45.8125,-108.5625,False
205,42.633,-71.316,42.6875,-71.3125,False
206,38.254,-104.609,38.3125,-104.5625,False
207,35.956,-80.005,35.9375,-80.0625,False
208,33.554,-117.214,33.5625,-117.1875,False
209,38.005,-121.806,38.0625,-121.8125,False
210,39.581,-104.877,39.5625,-104.9375,False
211,47.979,-122.202,47.9375,-122.1875,False
212,33.914,-98.493,33.9375,-98.4375,False
213,28.034,-80.589,28.0625,-80.5625,False
214,44.519,-88.02,44.5625,-88.0625,False
215,26.238,-80.125,26.1875,-80.1875,False
216,36.061,-95.797,36.0625,-95.8125,False
217,40.015,-105.271,40.0625,-105.3125,False
218,26.715,-80.053,26.6875,-80.0625,False
219,34.953,-120.436,34.9375,-120.4375,False
220,41.524,-90.578,41.5625,-90.5625,False
221,32.32,-106.764,32.3125,-106.8125,False
222,37.563,-122.326,37.5625,-122.3125,False
223,41.676,-86.252,41.6875,-86.3125,False
224,28.039,-81.95,28.0625,-81.9375,False
225,42.129,-80.085,42.1875,-80.0625,False
226,32.351,-95.301,32.3125,-95.3125,False
227,29.564,-95.286,29.5625,-95.3125,False
228,30.628,-96.334,30.6875,-96.3125,False
229,42.585,-87.821,42.5625,-87.8125,False
230,33.93,-84.373,33.9375,-84.3125,False
231,43.013,-83.687,43.0625,-83.6875,False
232,37.271,-79.941,37.3125,-79.9375,False
233,42.653,-73.756,42.6875,-73.8125,False
234,31.464,-100.437,31.4375,-100.4375,False
235,45.523,-122.99,45.5625,-122.9375,False
236,34.604,-98.396,34.5625,-98.4375,False
237,40.423,-104.709,40.4375,-104.6875,False
238,33.6,-117.672,33.5625,-117.6875,False
239,42.322,-83.176,42.3125,-83.1875,False
240,33.21,-87.569,33.1875,-87.5625,False
241,41.636,-70.934,41.6875,-70.9375,False
242,42.083,-71.018,42.0625,-71.0625,False
243,46.602,-120.506,46.5625,-120.5625,False
244,47.322,-122.313,47.3125,-122.3125,False
245,34.019,-118.491,34.0625,-118.4375,False
246,35.233,-106.663,35.1875,-106.6875,False
247,32.693,-114.628,32.6875,-114.6875,False
248,42.467,-70.949,42.4375,-70.9375,False
249,40.587,-122.392,40.5625,-122.4375,False
250,47.673,-117.239,47.6875,-117.1875,False
251,29.507,-95.095,29.5625,-95.0625,False
252,38.972,-95.235,38.9375,-95.1875,False
253,34.421,-119.698,34.4375,-119.6875,False
254,40.565,-111.839,40.5625,-111.8125,False
255,32.841,-83.632,32.8125,-83.6875,False
256,40.167,-105.102,40.1875,-105.0625,False
257,35.613,-77.366,35.5625,-77.3125,False
258,42.364,-87.845,42.3125,-87.8125,False
259,41.701,-71.155,41.6875,-71.1875,False
260,39.728,-121.837,39.6875,-121.8125,False
261,42.337,-71.209,42.3125,-71.1875,False
262,40.336,-75.927,40.3125,-75.9375,False
263,35.386,-94.399,35.4375,-94.4375,False
264,33.619,-117.929,33.5625,-117.9375,False
265,35.595,-82.551,35.5625,-82.5625,False
266,42.765,-71.468,42.8125,-71.4375,False
267,35.653,-97.478,35.6875,-97.4375,False
268,43.541,-116.563,43.5625,-116.5625,False
269,44.841,-93.298,44.8125,-93.3125,False
270,28.901,-81.264,28.9375,-81.3125,False
271,46.787,-92.1,46.8125,-92.0625,False
272,39.978,-86.118,39.9375,-86.0625,False
273,36.728,-76.584,36.6875,-76.5625,False
274,37.682,-121.768,37.6875,-121.8125,False
275,37.74,-121.425,37.6875,-121.4375,False
276,47.681,-122.209,47.6875,-122.1875,False
277,40.217,-74.743,40.1875,-74.6875,False
278,41.223,-111.974,41.1875,-111.9375,False
279,41.846,-87.754,41.8125,-87.8125,False
280,29.62,-95.635,29.5625,-95.6875,False
281,41.395,-73.454,41.4375,-73.4375,False
282,33.721,-116.216,33.6875,-116.1875,False
283,35.409,-80.58,35.4375,-80.5625,False
284,33.697,-117.185,33.6875,-117.1875,False
285,40.116,-88.243,40.0625,-88.1875,False
286,42.606,-83.15,42.5625,-83.1875,False
287,38.811,-90.7,38.8125,-90.6875,False
288,48.749,-122.478,48.6875,-122.4375,False
289,42.324,-83.4,42.3125,-83.4375,False
290,39.165,-86.526,39.1875,-86.5625,False
291,42.5,-96.4,42.5625,-96.4375,False
292,33.748,-116.972,33.6875,-116.9375,False
293,32.501,-94.74,32.5625,-94.6875,False
294,44.058,-121.315,44.0625,-121.3125,False
295,37.302,-120.483,37.3125,-120.4375,False
296,40.911,-73.782,40.9375,-73.8125,False
297,38.298,-122.287,38.3125,-122.3125,False
298,41.583,-87.5,41.5625,-87.4375,False
299,36.063,-94.157,36.0625,-94.1875,False
300,40.484,-88.994,40.4375,-88.9375,False
301,29.584,-81.208,29.5625,-81.1875,False
302,41.593,-87.346,41.5625,-87.3125,False
303,42.726,-87.783,42.6875,-87.8125,False
304,37.414,-79.142,37.4375,-79.1875,False
305,42.327,-122.876,42.3125,-122.9375,False
306,39.767,-94.847,39.8125,-94.8125,False
307,39.926,-75.12,39.9375,-75.0625,False
308,37.097,-113.568,37.0625,-113.5625,False
309,46.211,-119.137,46.1875,-119.1875,False
310,31.579,-84.156,31.5625,-84.1875,False
311,42.088,-87.981,42.0625,-87.9375,False
312,41.409,-75.662,41.4375,-75.6875,False
313,42.292,-85.587,42.3125,-85.5625,False
314,29.736,-94.977,29.6875,-94.9375,False
315,36.187,-94.129,36.1875,-94.1875,False
316,40.626,-75.37,40.6875,-75.3125,False
317,32.832,-79.828,32.8125,-79.8125,False
318,39.84,-88.955,39.8125,-88.9375,False
319,30.227,-93.217,30.1875,-93.1875,False
320,45.011,-93.456,45.0625,-93.4375,False
321,41.699,-88.068,41.6875,-88.0625,False
322,44.262,-88.415,44.3125,-88.4375,False
323,35.262,-81.187,35.3125,-81.1875,False
324,42.658,-83.15,42.6875,-83.1875,False
325,40.799,-81.378,40.8125,-81.4375,False
326,32.613,-83.624,32.5625,-83.5625,False
327,37.797,-121.216,37.8125,-121.1875,False
328,41.661,-91.53,41.6875,-91.5625,False
329,35.842,-90.704,35.8125,-90.6875,False
330,39.739,-75.54,39.6875,-75.5625,False
331,41.879,-71.383,41.9375,-71.4375,False
332,26.532,-80.091,26.5625,-80.0625,False
333,43.012,-88.231,43.0625,-88.1875,False
334,30.367,-89.093,30.3125,-89.0625,False
335,44.081,-103.231,44.0625,-103.1875,False
336,41.06,-111.971,41.0625,-111.9375,False
337,40.417,-86.875,40.4375,-86.9375,False
338,37.495,-120.847,37.4375,-120.8125,False
339,40.193,-85.386,40.1875,-85.4375,False
340,31.098,-97.343,31.0625,-97.3125,False
341,29.619,-95.538,29.5625,-95.5625,False
342,35.687,-105.938,35.6875,-105.9375,False
343,46.879,-113.997,46.9375,-113.9375,False
344,34.925,-81.025,34.9375,-81.0625,False
345,34.754,-77.43,34.8125,-77.4375,False
346,35.925,-86.869,35.9375,-86.8125,False
347,35.198,-111.651,35.1875,-111.6875,False
348,26.1,-80.4,26.0625,-80.4375,False
349,42.493,-92.343,42.4375,-92.3125,False
350,26.641,-81.872,26.6875,-81.8125,False
351,31.223,-85.39,31.1875,-85.4375,False
352,33.849,-118.388,33.8125,-118.4375,False
353,35.615,-88.814,35.5625,-88.8125,False
354,46.24,-119.101,46.1875,-119.0625,False
355,38.788,-90.497,38.8125,-90.4375,False
356,44.811,-91.498,44.8125,-91.4375,False
357,46.808,-100.784,46.8125,-100.8125,False
358,29.994,-90.242,29.9375,-90.1875,False
359,39.414,-77.411,39.4375,-77.4375,False
360,44.025,-88.543,44.0625,-88.5625,False
361,43.661,-70.255,43.6875,-70.3125,False
362,45.558,-94.163,45.5625,-94.1875,False
363,38.545,-121.741,38.5625,-121.6875,False
364,34.216,-119.038,34.1875,-119.0625,False
365,42.814,-73.94,42.8125,-73.9375,False
366,39.143,-77.201,39.1875,-77.1875,False
367,26.191,-97.696,26.1875,-97.6875,False
368,39.14,-121.617,39.1875,-121.5625,False
369,41.1,-80.65,41.0625,-80.6875,False
370,28.292,-81.408,28.3125,-81.4375,False
371,36.313,-82.353,36.3125,-82.3125,False
372,28.805,-97.004,28.8125,-97.0625,False
373,33.427,-117.612,33.4375,-117.5625,False
374,25.469,-80.478,25.4375,-80.4375,False
375,39.084,-77.153,39.0625,-77.1875,False
376,42.683,-89.019,42.6875,-89.0625,False
377,35.089,-92.442,35.0625,-92.4375,False
378,41.453,-82.182,41.4375,-82.1875,False
379,38.134,-121.272,38.1875,-121.3125,False
380,29.703,-98.124,29.6875,-98.0625,False
381,36.961,-120.061,36.9375,-120.0625,False
382,30.312,-95.456,30.3125,-95.4375,False
383,36.974,-122.031,36.9375,-122.0625,False
384,44.855,-93.471,44.8125,-93.4375,False
385,41.14,-104.82,41.1875,-104.8125,False
386,29.211,-81.023,29.1875,-81.0625,False
387,39.4,-84.561,39.4375,-84.5625,False
388,42.376,-71.236,42.4375,-71.1875,False
389,45.173,-93.303,45.1875,-93.3125,False
390,42.776,-71.077,42.8125,-71.0625,False
391,41.262,-95.861,41.3125,-95.8125,False
392,43.101,-75.233,43.0625,-75.1875,False
393,42.035,-93.62,42.0625,-93.5625,False
394,33.037,-117.292,33.0625,-117.3125,False
395,36.969,-86.481,36.9375,-86.4375,False
396,34.853,-82.394,34.8125,-82.4375,False
397,41.577,-93.711,41.5625,-93.6875,False
398,39.486,-75.026,39.4375,-75.0625,False
399,39.467,-87.414,39.4375,-87.4375,False
400,32.563,-97.142,32.5625,-97.1875,False
401,41.672,-72.949,41.6875,-72.9375,False
402,41.538,-72.807,41.5625,-72.8125,False
403,26.662,-80.268,26.6875,-80.3125,False
404,36.332,-94.119,36.3125,-94.0625,False
405,39.064,-108.551,39.0625,-108.5625,False
406,42.867,-106.313,42.8125,-106.3125,False
407,39.921,-105.087,39.9375,-105.0625,False
408,38.232,-122.637,38.1875,-122.6875,False
409,39.924,-83.809,39.9375,-83.8125,False
410,47.494,-111.283,47.4375,-111.3125,False
411,40.038,-76.306,40.0625,-76.3125,False
412,27.044,-82.236,27.0625,-82.1875,False
413,33.953,-84.55,33.9375,-84.5625,False
414,37.974,-122.531,37.9375,-122.5625,False
415,32.61,-85.481,32.5625,-85.4375,False
416,37.772,-87.111,37.8125,-87.0625,False
417,26.934,-80.094,26.9375,-80.0625,False
418,43.492,-112.034,43.4375,-112.0625,False
419,42.501,-90.665,42.5625,-90.6875,False
420,35.205,-89.874,35.1875,-89.8125,False
421,32.903,-96.564,32.9375,-96.5625,False
422,42.481,-83.475,42.4375,-83.4375,False
423,34.14,-118.035,34.1875,-118.0625,False
424,47.674,-122.122,47.6875,-122.0625,False
425,29.187,-82.14,29.1875,-82.1875,False
426,41.573,-87.793,41.5625,-87.8125,False
427,35.938,-77.791,35.9375,-77.8125,False
428,40.486,-86.134,40.4375,-86.1875,False
429,39.007,-76.779,39.0625,-76.8125,False
430,33.37,-112.584,33.3125,-112.5625,False
431,38.679,-121.773,38.6875,-121.8125,False
432,30.833,-83.278,30.8125,-83.3125,False
433,39.184,-96.572,39.1875,-96.5625,False
434,28.803,-81.269,28.8125,-81.3125,False
435,40.486,-74.452,40.4375,-74.4375,False
436,34.606,-86.983,34.5625,-86.9375,False
437,42.149,-72.608,42.1875,-72.5625,False
438,40.105,-85.68,40.0625,-85.6875,False
439,40.706,-73.619,40.6875,-73.5625,False
440,44.565,-123.262,44.5625,-123.3125,False
441,36.065,-119.017,36.0625,-119.0625,False
442,47.925,-97.033,47.9375,-97.0625,False
443,30.633,-97.678,30.6875,-97.6875,False
444,36.327,-119.646,36.3125,-119.6875,False
445,42.871,-112.446,42.8125,-112.4375,False
446,34.128,-117.209,34.1875,-117.1875,False
447,29.885,-93.94,29.9375,-93.9375,False
448,39.164,-119.767,39.1875,-119.8125,False
449,29.883,-97.941,29.9375,-97.9375,False
450,36.305,-86.62,36.3125,-86.5625,False
451,41.368,-82.108,41.3125,-82.0625,False
452,30.439,-97.62,30.4375,-97.5625,False
453,39.614,-86.107,39.5625,-86.0625,False
454,27.336,-82.531,27.3125,-82.5625,False
455,39.017,-94.282,39.0625,-94.3125,False
456,39.372,-104.856,39.3125,-104.8125,False
457,33.781,-116.467,33.8125,-116.4375,False
458,36.548,-82.562,36.5625,-82.5625,False
459,34.484,-114.322,34.4375,-114.3125,False
460,30.421,-87.217,30.4375,-87.1875,False
461,34.034,-117.043,34.0625,-117.0625,False
462,36.91,-121.757,36.9375,-121.8125,False
463,35.769,-119.247,35.8125,-119.1875,False
464,40.507,-74.265,40.5625,-74.3125,False
465,42.321,-85.18,42.3125,-85.1875,False
466,27.499,-82.575,27.4375,-82.5625,False
467,37.006,-121.568,37.0625,-121.5625,False
468,44.637,-123.106,44.6875,-123.0625,False
469,41.732,-93.6,41.6875,-93.5625,False
470,43.801,-91.24,43.8125,-91.1875,False
471,36.096,-79.438,36.0625,-79.4375,False
472,32.59,-96.857,32.5625,-96.8125,False
473,38.45,-78.869,38.4375,-78.8125,False
474,41.682,-85.977,41.6875,-85.9375,False
475,34.136,-117.865,34.1875,-117.8125,False
476,34.989,-90.013,34.9375,-90.0625,False
477,38.35,-81.633,38.3125,-81.6875,False
478,37.084,-94.513,37.0625,-94.5625,False
479,36.396,-97.878,36.4375,-97.9375,False
480,33.865,-84.337,33.8125,-84.3125,False
481,40.634,-74.407,40.6875,-74.4375,False
482,40.926,-98.342,40.9375,-98.3125,False
483,35.411,-80.843,35.4375,-80.8125,False
484,43.419,-83.951,43.4375,-83.9375,False
485,42.869,-85.645,42.8125,-85.6875,False
486,47.616,-122.036,47.5625,-122.0625,False
487,32.88,-111.757,32.9375,-111.8125,False
488,32.509,-92.119,32.5625,-92.0625,False
489,35.721,-77.916,35.6875,-77.9375,False
490,41.134,-81.485,41.1875,-81.4375,False
491,33.641,-117.603,33.6875,-117.5625,False
492,40.273,-76.887,40.3125,-76.9375,False
493,38.419,-82.445,38.4375,-82.4375,False
494,43.663,-116.687,43.6875,-116.6875,False
495,41.737,-111.834,41.6875,-111.8125,False
496,29.301,-94.798,29.3125,-94.8125,False
497,43.751,-87.715,43.8125,-87.6875,False
498,33.394,-104.523,33.4375,-104.5625,False
499,39.519,-104.761,39.5625,-104.8125,False
