location_id,wban,isd_ids,lon,dist_km,elev_m
0,94728,72505394728|72506094728|72503394728|99999994728,-73.969,8.0,27.0
1,03167,72295603167|72295699999,-118.333,16.6,19.0
2,14819,72534014819|99999914819,-87.755,14.4,188.0
3,12918,72244012918|72243512918|72243599999|99999912918,-95.282,16.0,14.0
4,13739,72408013739|99999913739,-75.227,10.3,2.0
5,23183,72278023183|99999923183,-112.004,6.0,337.0
6,12970,72252312970|72252399999,-98.472,9.5,210.0
7,23188,72290023188|99999923188,-117.183,3.0,9.0
8,13960,72258013960|72258313960|72258113960,-96.836,9.3,148.0
9,23293,72494523293|99999923293,-121.924,4.1,17.0
10,13958,72254413958|72254013958|99999913958,-97.76,6.2,203.0
11,53842,72438453842|72438499999,-86.296,13.4,248.0
12,93837,72206593837|99999993837,-81.667,11.0,7.0
13,23230,72493023230|72493099999|99999923230,-122.233,17.5,2.0
14,14821,72428014821|99999914821,-82.877,10.6,247.0
15,13881,72314013881|99999913881,-80.954,10.1,228.0
16,13961,74739013961|72259613961,-97.364,7.8,216.0
17,14822,72537514822|99999914822,-83.009,9.2,190.0
18,23044,72270023044|99999923044,-106.377,7.3,1194.0
19,13893,72334013893|99999913893,-89.986,11.5,87.0
20,24234,72793524234|72793599999|99999924234,-122.315,8.8,5.0
21,03017,72565003017|72467003017,-104.656,30.3,1656.0
22,13743,72405013743|99999913743,-77.035,6.7,20.0
23,14739,72509014739,-71.01,4.1,9.0
24,13897,72327013897|99999913897,-86.688,9.7,180.0
25,93721,72406093721|99999993721,-76.684,14.4,42.0
26,03954,72354403954|72354499999,-97.647,14.0,396.0
27,13810,72423513810|72423599999,-85.663,8.7,167.0
28,24229,72698024229|99999924229,-122.609,9.6,12.0
29,53123,72484653123|72484699999,-115.194,6.6,667.0
30,14839,72640014839|99999914839,-87.905,10.2,204.0
31,23050,72365023050|99999923050,-106.615,4.9,1620.0
32,23160,72274023160|99999923160,-110.956,7.4,824.0
33,93193,72389093193|99999993193,-119.72,4.5,95.9209
34,23232,72483023232|99999923232,-121.496,8.4,8.0
35,23129,72297023129,-118.147,6.3,12.0
36,13988,72446313988|72446113988|72446399999|99999913988,-94.589,2.8,227.0
37,23183,72278023183|99999923183,-112.004,16.9,337.0
38,13769,72307513769|99999913769,-76.033,6.1,7.0
39,03888,72219503888|72219599999,-84.525,12.7,256.0
40,93037,72466093037|99999993037,-104.689,10.9,1881.0
41,14942,72550014942|72553214942|99999914942,-95.902,10.5,295.66733
42,13722,72306013722,-78.782,18.0,117.95659
43,12839,72202012839|99999912839,-80.317,12.8,4.0
44,23230,72493023230|72493099999|99999923230,-122.233,10.2,2.0
45,14922,72658014922|99999914922,-93.231,10.6,265.0
46,13968,72356013968,-95.878,10.6,206.0
47,04853,72524504853|72524599999,-81.669,2.2,178.0
48,03928,72450003928|99999903928,-97.43,9.3,408.0
49,53907,72247953907|72247999999,-97.095,7.1,180.0
50,12916,72231012916,-90.278,20.5,-1.0
51,23155,72384023155|99999923155,-119.055,7.5,150.0
52,12842,72211012842|99999912842,-82.54,8.3,3.0
53,03017,72565003017|72467003017,-104.656,18.9,1656.0
54,03166,72297603166|72297699999,-117.986,7.2,29.0
55,93184,72297793184|72297799999|99999993184,-117.867,7.8,16.0
56,03960,72531403960|72531499999,-90.149,7.3,126.0
57,03171,72286903171|72286999999,-117.435,4.5,249.0
58,12924,72251012924,-97.513,11.9,12.5
59,93820,72422093820|99999993820,-84.611,8.9,301.0
60,14762,72520514762|72520599999|99999914762,-79.921,11.5,382.0
61,23237,72492023237|99999923237,-121.226,8.5,8.0
62,93812,72429793812,-84.416,8.1,155.0
63,14922,72658014922|99999914922,-93.231,13.5,265.0
64,04848,72428704848|72428799999,-83.477,13.0,189.0
65,13723,72317013723|99999913723,-79.943,13.9,270.0
66,14734,72502014734|99999914734,-74.169,5.9,2.0
67,53914,72254153914|72254199999,-96.59,20.5,179.0
68,23169,72386023169|99999923169,-115.163,16.7,663.0
69,14939,72551014939|99999914939,-96.765,6.6,352.0
70,14733,72528014733|99999914733,-78.736,13.1,215.0
71,23188,72290023188|99999923188,-117.183,14.0,4.6
72,14827,72533014827|99999914827,-85.206,11.9,248.0
73,12841,72205312841|72205112841|72205199999|72205399999|99999912841,-81.335,4.6,34.0
74,92806,72210492806|72210499999,-82.626,1.6,1.0
75,23183,72278023183|99999923183,-112.004,21.3,337.0
76,12947,72252612947|99999912947,-99.223,106.1,144.0
77,13750,72308513750|99999913750,-76.289,9.6,5.0
78,13722,72306013722,-78.782,15.5,117.95659
79,14837,72641014837|99999914837,-89.345,8.8,261.0
80,23042,72267023042|99999923042,-101.823,10.0,988.0
81,93807,72319393807|72319193807|72319399999|99999993807,-80.224,4.2,296.0
82,23183,72278023183|99999923183,-112.004,19.9,337.0
83,23185,72488023185|99999923185,-119.768,6.3,1345.0
84,13970,72232013970|72231713970|99999913970,-91.147,8.8,21.0
85,53123,72484653123|72484699999,-115.194,6.9,667.0
86,93228,72585093228|72493593228|72493599999|99999993228,-122.115,16.0,13.1
87,24131,72681024131|99999924131,-116.241,6.2,874.0
88,13740,72401013740|99999913740,-77.323,10.5,54.0
89,03171,72286903171|72286999999,-117.435,22.5,249.0
90,13876,72228013876|99999913876,-86.745,7.2,192.0
91,94176,72785694176|72785699999|99999994176,-117.321,8.2,595.0
92,14768,72529014768|99999914768,-77.675,7.3,169.0
93,14933,72546014933|99999914933,-93.653,8.3,294.0
94,23258,72492623258,-120.955,4.0,30.0
95,93740,72303593740|72303599999,-78.88,6.9,56.0
96,94274,72793894274|72793899999|99999994274,-122.576,10.1,89.0
97,93110,72392793110|72392799999,-119.204,2.8,13.0
98,93842,72225593842|99999993842,-84.942,7.5,121.0
99,13895,72226013895|99999913895,-86.407,6.4,51.0
100,53905,72248453905|72248499999,-93.746,1.8,55.0
101,04808,74465504808|74465599999,-88.481,13.3,215.0
102,14732,72503014732|99999914732,-73.88,16.9,9.0
103,14813,72430314813|72430399999|99999914813,-81.463,6.5,325.0
104,13963,72340313963|72340113963|99999913963,-92.236,5.4,79.0
105,03820,72218003820|99999903820,-81.964,12.2,45.0
106,23047,72363023047,-101.717,11.4,1099.0
107,23152,72288023152|72288099999|99999923152,-118.365,11.5,236.0
108,13894,72223013894|99999913894,-88.246,19.7,67.0
109,04839,72539404839|72539499999,-86.097,42.5,208.0
110,24127,72572024127,-111.965,7.0,1288.0
111,93845,72216693845|72216699999|99999993845,-83.274,103.5,62.0
112,03856,72323003856|99999903856,-86.786,20.6,196.0
113,13891,72326013891|99999913891,-83.986,16.9,299.0
114,04780,72510704780|72510799999|99999904780,-71.757,32.3,106.0
115,93741,72308693741|72308699999,-76.494,5.3,13.0
116,12919,72250012919,-97.423,7.5,6.0
117,03967,72446803967|72446899999,-94.739,15.8,334.0
118,23152,72288023152|72288099999|99999923152,-118.365,19.0,306.0
119,14765,72507014765|99999914765,-71.432,11.5,19.0
120,13882,72324013882|99999913882,-85.2,9.7,210.0
121,53121,72293453121|72293499999,-117.35,3.8,9.0
122,03940,72235003940|99999903940,-90.078,10.1,101.0
123,12849,74783012849|72202512849|99999912849,-80.162,5.4,1.0
124,23213,72495723213|72495799999,-122.811,11.0,31.346924
125,12895,72210312895|72210399999,-80.376,25.1,7.0
126,03179,72289903179|72289999999,-117.625,9.8,198.0
127,94298,72791894298|72791899999,-122.654,2.1,8.0
128,12835,72210612835|99999912835,-81.861,9.1,5.0
129,94911,72652594911|72652599999,-97.364,87.7,389.5385
130,13995,72440013995|99999913995,-93.39,9.3,390.0
131,23232,72483023232|99999923232,-121.496,15.3,8.0
132,24232,72694024232|99999924232,-123.001,4.5,61.0
133,03159,72381603159,-118.213,8.4,715.0
134,24221,72693024221|99999924221,-123.216,12.8,114.0
135,03159,72381603159,-118.213,20.3,715.0
136,23233,72593023233|72491723233|99999923233,-121.609,4.5,16.144438
137,14775,74491514775|74491599999|99999914775,-72.712,11.3,75.0
138,24018,72564024018|99999924018,-104.808,67.5,1871.0
139,93228,72585093228|72493593228|72493599999|99999993228,-122.115,3.7,8.88734
140,94822,72543094822|99999994822,-89.093,8.9,220.0
141,13743,72405013743|99999913743,-77.035,4.8,20.0
142,03177,72292703177|72292799999,-117.277,18.1,100.0
143,53914,72254153914|72254199999,-96.59,5.0,179.0
144,14819,72534014819|99999914819,-87.755,39.9,188.0
145,94702,72504094702|99999994702,-73.127,6.4,5.0
146,54743,72409454743|72409499999,-74.283,10.4,53.0
147,14771,72519014771|99999914771,-76.104,7.8,124.0
148,13960,72258013960|72258313960|72258113960,-96.836,25.2,148.0
149,93815,72429093815|99999993815,-84.219,16.5,305.0
150,03822,72207003822|99999903822,-81.202,9.3,13.0
151,13897,72327013897|99999913897,-86.688,75.4,180.0
152,03999,72254203999|72254299999,-98.235,64.3,389.0
153,13750,72308513750|99999913750,-76.289,11.4,5.0
154,12959,72250612959,-98.245,3.1,33.0
155,14822,72537514822|99999914822,-83.009,11.7,190.0
156,13883,72310013883|99999913883,-81.118,10.1,69.0
157,14758,72504514758|72504599999|99999914758,-72.889,6.0,4.0
158,13959,72256013959|99999913959,-97.228,10.9,155.0
159,93111,72391093111|99999993111,-119.123,26.6,2.0
160,14990,72545014990,-91.725,11.6,265.0
161,13880,72208013880|99999913880,-80.041,17.0,10.024509
162,53119,72389853119|72389899999,-119.623,29.7,76.36669
163,13996,72456013996|99999913996,-95.626,6.2,270.0
164,12816,74756012816|72214612816,-82.276,6.5,46.0
165,93225,72483993225|72483999999,-121.595,27.0,7.0
166,13960,72258013960|72258313960|72258113960,-96.836,14.8,148.0
167,12885,72203912885|72203999999,-80.178,12.8,4.0
168,94745,72503794745|99999994745,-73.705,14.2,134.0
169,23254,72495023254|72493623254|99999923254,-122.053,2.4,4.874773
170,14740,72508014740|99999914740,-72.682,19.4,55.0
171,13976,72240513976|99999913976,-91.99,4.1,14.588288
172,23023,72265023023,-102.209,13.4,868.9406
173,23183,72278023183|99999923183,-112.004,39.5,337.0
174,03991,72258903991|72258999999,-97.199,6.4,200.71758
175,23161,72381523161|99999923161,-116.787,58.3,587.0
176,93817,72432093817|99999993817,-87.515,9.2,117.0
177,13962,72266013962,-99.682,6.4,544.9975
178,13873,72311013873|99999913873,-83.327,2.9,247.0
179,93227,72495593227|72495599999,-122.28,11.7,7.9653864
180,14737,72517014737|99999914737,-75.448,5.9,117.0
181,03954,72354403954|72354499999,-97.647,39.4,396.0
182,12917,72241012917|99999912917,-94.026,17.2,4.5784636
183,13897,72327013897|99999913897,-86.688,40.6,180.0
184,14853,72537614853|72537699999|99999914853,-83.526,18.1,215.0
185,93822,72439093822|99999993822,-89.684,7.5,181.0
186,14842,72532014842|99999914842,-89.684,8.5,205.0
187,24127,72572024127,-111.965,66.2,1288.0
188,03166,72297603166|72297699999,-117.986,22.6,29.0
189,03945,72445003945|99999903945,-92.215,18.1,271.0
190,14836,72539014836|99999914836,-84.6,5.6,264.0
191,14914,72753014914|99999914914,-96.812,5.6,274.0
192,13748,72302013748|72301313748|72301113748|72302099999|99999913748,-77.9,6.4,10.0
193,53121,72293453121|72293499999,-117.35,6.9,9.0
194,14920,72643014920|99999914920,-91.253,99.3,198.0
195,23023,72265023023,-102.209,18.8,868.9406
196,14710,74394514710|74394599999|99999914710,-71.436,7.2,71.0
197,94892,72530594892|72530599999,-88.251,14.4,231.0
198,24127,72572024127,-111.965,19.1,1288.0
199,13958,72254413958|72254013958|99999913958,-97.76,22.2,203.0
200,12873,72211612873|72211699999,-82.686,12.7,3.0
201,14758,72504514758|72504599999|99999914758,-72.889,35.5,4.0
202,24242,72698524242|72698599999,-122.41,5.9,-0.15002128
203,93227,72495593227|72495599999,-122.28,21.5,7.9653864
204,24033,72677024033|99999924033,-108.546,4.2,1088.0
205,14702,72505914702|74490014702|72505999999|74490099999|99999914702,-71.289,18.3,41.0
206,93058,72464093058,-104.506,10.5,1439.0
207,13723,72317013723|99999913723,-79.943,16.7,270.0
208,53121,72293453121|72293499999,-117.35,31.0,24.0
209,23254,72495023254|72493623254|99999923254,-122.053,21.7,4.874773
210,03017,72565003017|72467003017,-104.656,33.7,1656.0
211,24222,72793724222|72793799999,-122.283,10.0,185.0
212,13966,72351013966|99999913966,-98.493,7.2,314.0
213,12838,72204012838|72204099999|99999912838,-80.636,9.4,11.0
214,94855,72645694855|72645699999,-88.556,73.2,248.0
215,92805,72204992805|72204999999,-80.111,1.7,7.0
216,53908,72356453908|72356499999,-95.99,17.0,193.0
217,03017,72565003017|72467003017,-104.656,56.1,1656.0
218,12844,72203012844|99999912844,-80.099,5.7,6.0
219,23273,72394023273|99999923273,-120.452,6.0,73.0
220,14923,72544014923|99999914923,-90.524,10.2,181.0
221,23044,72270023044|99999923044,-106.377,63.6,1203.0
222,23234,72494023234|99999923234,-122.366,7.6,5.0
223,14848,72535014848|99999914848,-86.316,6.4,237.0
224,12842,72211012842|99999912842,-82.54,58.6,3.0
225,14860,72526014860|99999914860,-80.182,9.5,225.0
226,13972,72244813972|72244899999|99999913972,-95.404,9.5,166.0
227,12918,72244012918|72243512918|72243599999|99999912918,-95.282,8.2,14.0
228,03904,74746003904|72244503904|99999903904,-96.363,5.3,98.0
229,04845,72650504845|72650599999,-87.938,9.7,219.0
230,53863,72219653863|72219699999,-84.298,8.9,305.0
231,14826,72637014826|99999914826,-83.75,7.2,233.0
232,13741,72411013741|99999913741,-79.974,5.9,344.71243
233,54768,72507554768|72507599999,-73.17,48.1,476.0
234,13962,72266013962,-99.682,119.7,545.0
235,94298,72791894298|72791899999,-122.654,28.1,8.0
236,03950,72357503950|72357599999,-98.417,4.5,338.0
237,03017,72565003017|72467003017,-104.656,65.8,1656.0
238,93184,72297793184|72297799999|99999993184,-117.867,20.0,16.0
239,94847,72537094847|99999994847,-83.331,16.3,195.0
240,53864,72230053864|72230099999,-86.782,73.3,172.0
241,94726,72506594726|72506599999,-70.959,4.9,24.0
242,54704,72509854704|72509899999,-71.173,17.6,15.0
243,24243,72781024243|99999924243,-120.535,4.8,325.0
244,24233,72793024233|99999924233,-122.314,13.6,137.0
245,93197,72288593197|72288599999,-118.447,4.1,53.0
246,23050,72365023050|99999923050,-106.615,21.7,1620.0
247,03145,74003503145|69960403145|72280503145,-114.617,4.5,65.0
248,14739,72509014739,-71.01,12.8,9.0
249,24257,72592024257|72591524257,-122.298,12.0,153.0
250,94176,72785694176|72785699999|99999994176,-117.321,6.4,595.0
251,12918,72244012918|72243512918|72243599999|99999912918,-95.282,23.2,14.0
252,03997,72450803997|72450899999,-95.212,4.5,253.47006
253,23190,72392523190|99999923190,-119.842,13.4,3.0
254,24127,72572024127,-111.965,26.3,1288.0
255,03813,72217003813|99999903813,-83.653,16.6,110.0
256,03017,72565003017|72467003017,-104.656,53.1,1656.0
257,93759,72306893759|72306899999,-77.895,54.6,48.0
258,14880,72534714880|72534799999,-87.863,7.0,216.0
259,94726,72506594726|72506599999,-70.959,16.6,24.0
260,93210,74504893210|74504899999,-121.622,32.3,58.0
261,14702,72505914702|74490014702|72505999999|74490099999|99999914702,-71.289,16.2,41.0
262,14712,72510314712|72510114712|72510399999,-75.959,5.7,105.0
263,13964,72344013964,-94.365,6.2,141.0
264,93184,72297793184|72297799999|99999993184,-117.867,8.5,16.0
265,03812,72315003812|99999903812,-82.538,18.2,661.0
266,14710,74394514710|74394599999|99999914710,-71.436,18.8,71.0
267,03954,72354403954|72354499999,-97.647,20.2,396.0
268,24131,72681024131|99999924131,-116.241,26.1,874.0
269,14922,72658014922|99999914922,-93.231,7.2,265.0
270,12854,72205712854|72205799999|99999912854,-81.244,13.6,17.0
271,14913,72745014913|99999914913,-92.187,9.4,435.0
272,53842,72438453842|72438499999,-86.296,22.8,248.0
273,13750,72308513750|99999913750,-76.289,35.1,5.0
274,93228,72585093228|72493593228|72493599999|99999993228,-122.115,31.2,8.88734
275,23237,72492023237|99999923237,-121.226,23.7,8.0
276,24234,72793524234|72793599999|99999924234,-122.315,18.1,5.0
277,14792,72409514792|72409599999|99999914792,-74.816,9.1,65.0
278,24126,72575024126|72575099999|99999924126,-112.017,4.5,1362.0
279,14819,72534014819|99999914819,-87.755,6.7,188.0
280,12977,72254312977|72254399999,-95.657,2.1,2.0
281,54734,72508654734|72508699999,-73.483,3.5,139.0
282,03104,74718703104|99999903104,-116.164,11.7,-37.0
283,13881,72314013881|99999913881,-80.954,39.8,228.0
284,03171,72286903171|72286999999,-117.435,37.2,249.0
285,03887,72531603887|72531699999,-88.872,61.6,207.0
286,94817,72637594817|72637599999,-83.41,23.1,299.0
287,03966,72434503966,-90.656,17.5,141.0
288,24217,72797624217,-122.541,6.5,48.0
289,94847,72537094847|99999994847,-83.331,11.9,195.0
290,03893,72437503893|72437599999,-86.617,8.1,257.0
291,14943,72557014943|99999914943,-96.379,12.2,336.0
292,93138,72286893138|72286899999,-116.504,43.9,141.0
293,03901,72247003901|72244703901|72244799999|72247099999|99999903901,-94.714,13.3,124.0
294,24230,72692024230|72683524230|99999924230,-121.141,25.5,938.0
295,93242,74504693242|74504699999,-120.111,48.3,76.45073
296,14732,72503014732|99999914732,-73.88,16.8,9.0
297,93227,72495593227|72495599999,-122.28,10.1,7.9653864
298,14819,72534014819|99999914819,-87.755,30.8,188.0
299,93993,72344593993|72344599999|99999993993,-94.168,6.5,381.0
300,14842,72532014842|99999914842,-89.684,61.7,205.0
301,12834,74787012834|72205612834|99999912834,-81.072,47.2,11.0
302,04846,72532704846|72532799999,-86.998,32.2,231.0
303,94818,72642494818|72642499999,-87.818,4.6,203.0
304,13733,72410013733|99999913733,-79.206,11.8,286.0
305,24225,72597024225|99999924225,-122.877,6.0,405.0
306,13993,72449013993|72449099999|99999913993,-94.91,5.4,247.0
307,13739,72408013739|99999913739,-75.227,10.8,2.0
308,93129,72475593129|99999993129,-113.097,78.8,1714.0
309,24163,72784524163|72784599999|99999924163,-119.118,6.1,124.0
310,13869,72216013869|72216099999|99999913869,-84.196,6.1,59.0
311,94846,72530094846|99999994846,-87.932,14.8,205.0
312,14777,72513014777|99999914777,-75.723,9.8,290.0
313,94815,72635794815|72635799999,-85.546,7.0,272.0
314,12918,72244012918|72243512918|72243599999|99999912918,-95.282,31.5,14.0
315,93993,72344593993|72344599999|99999993993,-94.168,20.6,381.0
316,14737,72517014737|99999914737,-75.448,7.2,117.0
317,13880,72208013880|99999913880,-80.041,21.2,10.024509
318,03887,72531603887|72531699999,-88.872,7.6,207.0
319,03937,72240003937|99999903937,-93.228,7.3,4.0
320,94963,72657994963|72657999999,-93.471,20.6,270.76904
321,94892,72530594892|72530599999,-88.251,27.6,231.0
322,94855,72645694855|72645699999,-88.556,32.9,248.0
323,13881,72314013881|99999913881,-80.954,21.6,228.0
324,94817,72637594817|72637599999,-83.41,22.1,299.0
325,14895,72521014895|99999914895,-81.443,14.1,374.0
326,03813,72217003813|99999903813,-83.653,9.2,110.0
327,23237,72492023237|99999923237,-121.226,11.0,8.0
328,14937,72546214937|72546299999|99999914937,-91.545,2.7,204.0
329,03953,72340703953|72340799999,-90.644,5.4,79.0
330,13781,72418013781|72408913781|99999913781,-75.606,9.0,24.0
331,14765,72507014765|99999914765,-71.432,17.9,19.0
332,12844,72203012844|99999912844,-80.099,17.0,6.0
333,14839,72640014839|99999914839,-87.905,28.1,204.0
334,53865,72233053865|72236653865|72236699999|72233099999,-89.822,70.0,8.0
335,24090,72662024090,-103.054,12.4,977.4339
336,24126,72575024126|72575099999|99999924126,-112.017,15.5,1362.0
337,14835,72438614835|99999914835,-86.947,4.9,182.0
338,23258,72492623258,-120.955,17.4,30.0
339,94895,72533694895|72533699999,-85.394,5.6,285.0
340,13959,72256013959|99999913959,-97.228,58.8,155.0
341,12977,72254312977|72254399999,-95.657,11.5,2.0
342,23054,72367723054,-105.139,72.0,2095.0
343,24153,72773024153|99999924153,-114.094,8.6,972.0
344,13881,72314013881|99999913881,-80.954,33.7,228.0
345,93727,72309693727|99999993727,-77.44,5.1,8.0
346,13897,72327013897|99999913897,-86.688,27.0,180.0
347,03103,72375003103|72375503103|72375099999|99999903103,-111.666,6.7,2137.0
348,92809,72203792809|72203799999,-80.241,19.4,3.0
349,94910,72548094910|99999994910,-92.401,8.3,268.0
350,12835,72210612835|99999912835,-81.861,6.3,5.0
351,13839,72226813839|72226899999|99999913839,-85.443,12.2,122.0
352,03167,72295603167|72295699999,-118.333,9.5,19.0
353,03811,72334603811|99999903811,-88.917,9.6,132.0
354,24163,72784524163|72784599999|99999924163,-119.118,3.1,124.0
355,13994,72434013994|99999913994,-90.373,11.4,171.0
356,14991,72643514991|99999914991,-91.488,6.2,270.0
357,94041,72767794041|72767799999|99999994041,-101.441,105.5,587.0
358,12916,72231012916,-90.278,0.9,9.0
359,13734,72417713734|99999913734,-77.975,49.3,170.0
360,94855,72645694855|72645699999,-88.556,4.7,248.0
361,14764,72606014764|99999914764,-70.304,4.5,19.0
362,14926,72655014926|99999914926,-94.052,8.9,314.0
363,93225,72483993225|72483999999,-121.595,21.2,7.0
364,93111,72391093111|99999993111,-119.123,13.1,2.0
365,54768,72507554768|72507599999,-73.17,64.2,476.0
366,93738,72403093738|99999993738,-77.447,31.4,98.0
367,12904,72250512904|72250599999,-97.656,5.9,11.0
368,93205,72483893205|72483899999,-121.569,5.9,16.997013
369,14852,72525014852|99999914852,-80.674,17.3,360.0
370,12815,72205012815|99999912815,-81.324,18.1,32.0
371,13877,72335013877|72318313877|72318113877|99999913877,-82.399,18.7,463.0
372,12912,72255012912,-96.93,9.5,36.0
373,53121,72293453121|72293499999,-117.35,27.7,24.0
374,12888,72202912888|72202999999,-80.435,19.8,3.0
375,13743,72405013743|99999913743,-77.035,28.3,20.0
376,94822,72543094822|99999994822,-89.093,54.9,220.0
377,13963,72340313963|72340113963|99999913963,-92.236,44.4,79.0
378,04849,72521404849|72521499999,-82.179,11.9,241.0
379,23237,72492023237|99999923237,-121.226,26.8,8.0
380,12921,72253012921,-98.484,38.4,242.0
381,93242,74504693242|74504699999,-120.111,5.2,76.45073
382,53902,72244453902|72244499999,-95.418,6.0,75.0
383,23277,74505823277|74505899999,-121.79,21.8,49.7
384,94963,72657994963|72657999999,-93.471,3.3,270.76904
385,24018,72564024018|99999924018,-104.808,1.9,1871.0
386,12834,74787012834|72205612834|99999912834,-81.072,4.9,11.0
387,53855,72521753855|72521799999,-84.521,5.2,188.0
388,14702,72505914702|74490014702|72505999999|74490099999|99999914702,-71.289,11.3,41.0
389,14922,72658014922|99999914922,-93.231,32.5,265.0
390,94723,74490494723|74490499999,-71.126,7.6,45.0
391,14942,72550014942|72553214942|99999914942,-95.902,6.2,295.66733
392,14771,72519014771|99999914771,-76.104,70.9,124.0
393,14933,72546014933|99999914933,-93.653,55.8,294.0
394,03177,72292703177|72292799999,-117.277,10.4,100.0
395,93808,74671693808|99999993808,-86.424,5.5,167.0
396,13886,72311913886|72311999999,-82.35,4.3,304.0
397,14933,72546014933|99999914933,-93.653,6.8,294.0
398,13735,72407513735|99999913735,-75.078,14.1,25.0
399,03868,72437303868|72437399999|99999903868,-87.322,9.3,179.0
400,53907,72247953907|72247999999,-97.095,12.1,192.0
401,14740,72508014740|99999914740,-72.682,36.9,55.0
402,14758,72504514758|72504599999|99999914758,-72.889,31.2,4.0
403,12844,72203012844|99999912844,-80.099,16.9,6.0
404,93993,72344593993|72344599999|99999993993,-94.168,36.6,381.0
405,23066,72476023066|99999923066,-108.541,7.9,1475.0
406,94057,72568694057|72568699999,-105.38,76.0,1502.0
407,03017,72565003017|72467003017,-104.656,37.9,1656.0
408,93227,72495593227|72495599999,-122.28,31.3,7.9653864
409,93815,72429093815|99999993815,-84.219,35.0,305.0
410,24143,72775024143|99999924143,-111.383,7.8,1115.0
411,54737,72511654737|72511699999,-76.294,9.2,123.0
412,12812,72203412812|72203499999,-81.994,28.0,8.0
413,03888,72219503888|72219599999,-84.525,19.4,256.0
414,93227,72495593227|72495599999,-122.28,34.0,7.9653864
415,93842,72225593842|99999993842,-84.942,51.6,121.0
416,93817,72432093817|99999993817,-87.515,47.0,117.0
417,12844,72203012844|99999912844,-80.099,27.7,6.0
418,24145,72578524145|99999924145,-112.068,3.8,1445.0
419,94908,72547094908|99999994908,-90.709,12.0,329.0
420,13893,72334013893|99999913893,-89.986,18.9,87.0
421,13960,72258013960|72258313960|72258113960,-96.836,27.6,148.0
422,94817,72637594817|72637599999,-83.41,21.0,299.0
423,03166,72297603166|72297699999,-117.986,30.4,29.0
424,24234,72793524234|72793599999|99999924234,-122.315,20.8,5.0
425,12819,72221312819|72221399999,-81.81,51.9,24.0
426,14819,72534014819|99999914819,-87.755,23.9,188.0
427,93759,72306893759|72306899999,-77.895,12.9,48.0
428,14835,72438614835|99999914835,-86.947,68.1,182.0
429,93721,72406093721|99999993721,-76.684,8.9,46.0
430,23183,72278023183|99999923183,-112.004,53.6,337.0
431,93225,72483993225|72483999999,-121.595,15.9,7.0
432,93845,72216693845|72216699999|99999993845,-83.274,5.6,62.0
433,03936,72455503936|72455599999,-96.679,10.6,322.0
434,12854,72205712854|72205799999|99999912854,-81.244,3.6,17.0
435,14734,72502014734|99999914734,-74.169,32.4,2.0
436,53852,72227953852|72227999999,-86.943,6.2,177.0
437,14775,74491514775|74491599999|99999914775,-72.712,7.8,75.0
438,94895,72533694895|72533699999,-85.394,28.6,285.0
439,94789,74486094789|99999994789,-73.764,14.2,7.0
440,24232,72694024232|99999924232,-123.001,43.4,61.0
441,53119,72389853119|72389899999,-119.623,60.9,76.36669
442,14914,72753014914|99999914914,-96.812,112.4,274.0
443,13958,72254413958|72254013958|99999913958,-97.76,35.6,203.0
444,53119,72389853119|72389899999,-119.623,2.7,76.36669
445,24156,72578024156|99999924156,-112.572,13.0,1365.0
446,03171,72286903171|72286999999,-117.435,29.3,249.0
447,12917,72241012917|99999912917,-94.026,11.2,4.5784636
448,23185,72488023185|99999923185,-119.768,35.6,1345.0
449,13904,72254013904|72254513904|72254599999|99999913904,-97.68,41.8,146.0
450,13897,72327013897|99999913897,-86.688,21.6,180.0
451,04849,72521404849|72521499999,-82.179,6.4,241.0
452,13958,72254413958|72254013958|99999913958,-97.76,18.8,203.0
453,53842,72438453842|72438499999,-86.296,28.5,248.0
454,12871,72211512871|72211599999,-82.559,7.8,9.0
455,13988,72446313988|72446113988|72446399999|99999913988,-94.589,29.3,227.0
456,03017,72565003017|72467003017,-104.656,54.0,1656.0
457,93138,72286893138|72286899999,-116.504,6.5,141.0
458,13877,72335013877|72318313877|72318113877|99999913877,-82.399,16.0,463.0
459,23179,72380523179|99999923179,-114.618,41.8,302.0
460,13899,72222313899|99999913899,-87.186,7.0,37.0
461,03171,72286903171|72286999999,-117.435,38.2,249.0
462,23277,74505823277|74505899999,-121.79,4.4,49.7
463,23155,72384023155|99999923155,-119.055,41.1,150.0
464,14734,72502014734|99999914734,-74.169,21.1,2.0
465,14815,72539614815|72539699999|99999914815,-85.241,6.1,290.0
466,12871,72211512871|72211599999,-82.559,11.0,9.0
467,23277,74505823277|74505899999,-121.79,21.1,49.7
468,24232,72694024232|99999924232,-123.001,31.4,61.0
469,14933,72546014933|99999914933,-93.653,22.5,294.0
470,14920,72643014920|99999914920,-91.253,8.8,198.0
471,13723,72317013723|99999913723,-79.943,45.4,270.0
472,03971,72259903971|72259999999,-96.868,10.1,201.0
473,93736,72401693736|72401699999|99999993736,-78.455,50.2,195.0
474,14829,72438814829|72438899999|99999914829,-85.787,23.1,252.0
475,03179,72289903179|72289999999,-117.625,27.6,198.0
476,13893,72334013893|99999913893,-89.986,8.4,87.0
477,13866,72414013866|99999913866,-81.591,5.0,299.0
478,13987,72349513987|99999913987,-94.495,7.7,293.32205
479,53913,72353753913|72353799999,-97.414,73.6,326.0
480,53863,72219653863|72219699999,-84.298,3.4,305.0
481,14734,72502014734|99999914734,-74.169,20.8,2.0
482,14935,72552014935|99999914935,-98.313,5.4,563.4602
483,13881,72314013881|99999913881,-80.954,23.3,228.0
484,14845,72637914845|99999914845,-84.081,16.1,202.0
485,04839,72539404839|72539499999,-86.097,39.3,208.0
486,94248,72793494248|72793499999,-122.214,19.2,9.0
487,23183,72278023183|99999923183,-112.004,66.0,337.0
488,13942,72248613942|99999913942,-92.03,7.6,24.0
489,93759,72306893759|72306899999,-77.895,15.2,48.0
490,14813,72430314813|72430399999|99999914813,-81.463,10.8,325.0
491,93184,72297793184|72297799999|99999993184,-117.867,24.8,16.0
492,14751,72511814751|72511114751|72511014751|72511899999|72511199999|99999914751,-76.855,6.9,106.0
493,03860,72425003860|99999903860,-82.555,11.3,255.0
494,24131,72681024131|99999924131,-116.241,37.5,874.0
495,94128,72479694128|72479699999,-111.852,6.2,1358.0
496,12923,72242012923|72242212923|72242312923|72242099999|72242399999,-94.864,7.2,16.0
497,04841,72642504841|72642599999,-87.849,11.2,232.0
498,23009,72268023009,-104.508,10.5,1118.0
499,03017,72565003017|72467003017,-104.656,36.0,1656.0
