location_id,usaf,wban,isd_ids,lon,dist_km,elev_m,utc_offset_hours,begin_verified
0,725030,14732,72503014732|72503099999|99999914732,-73.88,13.84,3.0,-5.0,True
1,722950,23174,72295023174|72295099999|99999923174,-118.387,9.31,29.7,-8.0,True
2,712650,99999,71265099999,-79.383,11.65,76.5,-5.0,True
3,725340,14819,72534014819|72534099999|99999914819,-87.755,8.28,185.8,-6.0,True
4,722430,12960,72243012960|72243099999|99999912960,-95.361,22.21,27.5,-6.0,True
5,711830,99999,71183099999,-73.733,4.58,32.0,-5.0,False
6,722780,23183,72278023183|72278099999|99999923183,-112.004,17.91,339.2,-7.0,True
7,724085,94732,72408594732|72408599999|99999994732,-75.013,12.84,32.9,-5.0,True
8,722530,12921,72253012921|72253099999|99999912921,-98.484,9.85,243.6,-6.0,True
9,722900,23188,72290023188|72290099999|99999923188,-117.183,12.19,4.6,-8.0,True
10,722580,13960,72258013960|72258099999|99999913960,-96.836,8.18,147.6,-6.0,False
11,718770,99999,71877099999,-114.02,9.15,1084.2,-7.0,True
12,722595,13911,72259513911|72259599999|99999913911,-97.45,9.63,185.3,-6.0,True
13,722065,93837,72206593837|72206599999|99999993837,-81.667,11.56,6.1,-5.0,True
14,716280,99999,71628099999,-75.669,18.75,114.0,-5.0,True
15,711210,99999,71121099999,-113.467,16.56,688.0,-7.0,True
16,722544,13958,72254413958|72254499999|99999913958,-97.76,2.55,204.2,-6.0,True
17,724945,23293,72494523293|72494599999|99999923293,-121.924,11.95,15.0,-8.0,True
18,723140,13881,72314013881|72314099999|99999913881,-80.954,11.28,222.6,-5.0,True
19,724280,14821,72428014821|72428099999|99999914821,-82.877,9.27,246.8,-5.0,True
20,724380,93819,72438093819|72438099999|99999993819,-86.282,12.97,241.3,-5.0,True
21,724940,23234,72494023234|72494099999|99999923234,-122.366,59.84,3.2,-8.0,True
22,727935,24234,72793524234|72793599999|99999924234,-122.315,8.6,7.6,-8.0,True
23,718520,99999,71852099999,-97.24,7.88,238.7,-6.0,True
24,724695,23036,72469523036|72469599999|99999923036,-104.75,12.27,1726.1,-7.0,True
25,723270,13897,72327013897|72327099999|99999913897,-86.688,11.03,179.0,-6.0,True
26,723530,13967,72353013967|72353099999|99999913967,-97.6,11.77,389.9,-6.0,True
27,716240,99999,71624099999,-79.631,9.38,173.4,-5.0,True
28,724050,13743,72405013743|72405099999|99999913743,-77.035,6.56,4.1,-5.0,True
29,722700,23044,72270023044|72270099999|99999923044,-106.377,6.48,1202.1,-7.0,True
30,723860,23169,72386023169|72386099999|99999923169,-115.163,20.12,662.8,-8.0,True
31,725090,14739,72509014739|72509099999|99999914739,-71.01,2.59,3.3,-5.0,True
32,712010,99999,71201099999,-123.117,3.22,3.0,-8.0,True
33,714370,99999,71437099999,-79.8,46.27,77.0,-5.0,False
34,725375,14822,72537514822|72537599999|99999914822,-83.009,8.11,189.8,-5.0,True
35,724235,13810,72423513810|72423599999|99999913810,-85.663,7.31,164.6,-5.0,True
36,726980,24229,72698024229|72698099999|99999924229,-122.609,7.3,6.7,-8.0,True
37,723340,13893,72334013893|72334099999|99999913893,-89.986,6.12,76.6,-6.0,True
38,745944,93784,74594493784|74594499999|99999993784,-76.611,2.12,6.1,-5.0,True
39,712630,99999,71263099999,-79.935,9.09,237.7,-5.0,True
40,717850,99999,71785099999,-122.767,10.36,13.0,-8.0,True
41,726405,94869,72640594869|72640599999|99999994869,-88.031,7.28,223.7,-6.0,True
42,723650,23050,72365023050|72365099999|99999923050,-106.615,7.56,1618.4,-7.0,True
43,723890,93193,72389093193|72389099999|99999993193,-119.72,6.54,101.9,-8.0,True
44,713920,99999,71392099999,-71.283,7.71,91.0,-5.0,True
45,722745,23109,72274523109|72274599999|99999923109,-110.883,1.93,824.2,-7.0,True
46,724830,23232,72483023232|72483099999|99999923232,-121.496,7.17,5.9,-8.0,True
47,722190,13874,72219013874|72219099999|99999913874,-84.442,14.89,308.3,-5.0,True
48,724463,13988,72446313988|72446399999|99999913988,-94.589,3.35,226.2,-6.0,True
49,722786,23104,72278623104|72278699999|99999923104,-111.667,11.95,421.2,-7.0,True
50,723060,13722,72306013722|72306099999|99999913722,-78.782,14.35,120.5,-5.0,True
51,724660,93037,72466093037|72466099999|99999993037,-104.689,8.98,1884.2,-7.0,True
52,722020,12839,72202012839|72202099999|99999912839,-80.317,10.95,1.4,-5.0,True
53,725500,14942,72550014942|72550099999|99999914942,-95.902,13.79,298.8,-6.0,True
54,723075,13769,72307513769|72307599999|99999913769,-76.033,4.18,7.0,-5.0,True
55,722970,23129,72297023129|72297099999|99999923129,-118.147,3.98,10.2,-8.0,True
56,724930,23230,72493023230|72493099999|99999923230,-122.233,5.8,1.5,-8.0,True
57,713950,99999,71395099999,-63.509,26.72,145.4,-4.0,True
58,716270,94792,71627094792|71627099999|99999994792,-73.733,15.36,36.0,-5.0,True
59,726580,14922,72658014922|72658099999|99999914922,-93.231,9.19,254.5,-6.0,True
60,716230,99999,71623099999,-81.154,11.41,278.0,-5.0,True
61,723840,23155,72384023155|72384099999|99999923155,-119.055,9.12,149.3,-8.0,True
62,723560,13968,72356013968|72356099999|99999913968,-95.878,8.2,194.9,-6.0,True
63,722110,12842,72211012842|72211099999|99999912842,-82.54,5.98,1.8,-5.0,True
64,725650,03017,72565003017|72565099999|99999903017,-104.656,16.25,1647.2,-7.0,True
65,722590,03927,72259003927|72259099999|99999903927,-97.022,23.84,165.7,-6.0,True
66,724500,03928,72450003928|72450099999|99999903928,-97.43,8.8,401.7,-6.0,True
67,725240,14820,72524014820|72524099999|99999914820,-81.852,16.49,236.8,-5.0,True
68,722315,53917,72231553917|72231599999|99999953917,-90.029,9.11,0.9,-6.0,True
69,722096,53127,72209653127|72209699999|99999953127,-115.133,10.23,749.2,-8.0,False
70,722977,93184,72297793184|72297799999|99999993184,-117.867,21.93,13.0,-8.0,True
71,715080,99999,71508099999,-79.4,25.16,113.0,-5.0,False
72,722050,12815,72205012815|72205099999|99999912815,-81.324,6.11,27.1,-5.0,True
73,724220,93820,72422093820|72422099999|99999993820,-84.611,13.4,293.2,-5.0,True
74,724920,23237,72492023237|72492099999|99999923237,-121.226,12.05,8.3,-8.0,True
75,725020,14734,72502014734|72502099999|99999914734,-74.169,4.59,2.0,-5.0,True
76,712960,99999,71296099999,-79.783,47.39,251.0,-5.0,False
77,722860,23119,72286023119|72286099999|99999923119,-117.25,13.87,468.2,-8.0,True
78,722926,03154,72292603154|72292699999|99999903154,-117.355,56.77,21.4,-8.0,True
79,722515,12926,72251512926|72251599999|99999912926,-97.292,13.81,4.7,-6.0,True
80,722975,53141,72297553141|72297599999|99999953141,-118.052,16.73,10.7,-8.0,True
81,724297,93812,72429793812|72429799999|99999993812,-84.416,8.63,144.9,-5.0,True
82,723170,13723,72317013723|72317099999|99999913723,-79.943,10.73,275.0,-5.0,True
83,725205,14762,72520514762|72520599999|99999914762,-79.921,10.52,379.2,-5.0,True
84,726584,14927,72658414927|72658499999|99999914927,-93.056,4.22,213.3,-6.0,True
85,722193,03722,72219303722|72219399999|99999903722,-78.984,35.01,185.6,-5.0,False
86,725025,94741,72502594741|72502599999|99999994741,-74.056,16.43,0.8,-5.0,True
87,725510,14939,72551014939|72551099999|99999914939,-96.765,8.67,356.7,-6.0,True
88,746140,23112,74614023112|74614099999|99999923112,-115.033,6.71,570.0,-8.0,True
89,722598,03970,72259803970|72259899999|99999903970,-96.836,12.25,196.3,-6.0,True
90,716279,99999,71627999999,-75.564,5.28,64.3,-5.0,True
91,749173,99999,74917399999,-111.427,50.98,479.8,-7.0,False
92,726410,14837,72641014837|72641099999|99999914837,-89.345,9.08,261.7,-6.0,True
93,724880,23185,72488023185|72488099999|99999923185,-119.768,8.38,1342.5,-8.0,True
94,722785,23111,72278523111|72278599999|99999923111,-112.367,56.3,330.7,-7.0,True
95,724340,13994,72434013994|72434099999|99999913994,-90.373,17.07,162.0,-6.0,True
96,760013,99999,76001399999,-116.97,10.53,149.0,-8.0,True
97,725330,14827,72533014827|72533099999|99999914827,-85.206,13.97,243.0,-5.0,True
98,725280,14733,72528014733|72528099999|99999914733,-78.736,11.37,216.2,-5.0,True
99,722670,23042,72267023042|72267099999|99999923042,-101.823,13.08,993.2,-6.0,True
100,762863,99999,76286399999,-99.57,15.2,147.5,-6.0,True
101,722189,92815,72218992815|72218999999|99999992815,-80.221,19.84,5.5,-5.0,False
102,718660,99999,71866099999,-106.7,4.55,503.8,-6.0,True
103,722104,92806,72210492806|72210499999|99999992806,-82.626,1.88,1.3,-5.0,True
104,725360,94830,72536094830|72536099999|99999994830,-83.805,20.43,205.5,-5.0,True
105,722787,53126,72278753126|72278799999|99999953126,-112.295,9.77,324.9,-7.0,True
106,723193,93807,72319393807|72319399999|99999993807,-80.224,4.71,291.6,-5.0,True
107,722094,53984,72209453984|72209499999|99999953984,-97.047,19.06,179.5,-6.0,False
108,713680,99999,71368099999,-80.379,8.6,321.3,-5.0,True
109,723080,13737,72308013737|72308099999|99999913737,-76.193,26.79,3.3,-5.0,True
110,713710,99999,71371099999,-73.417,1.64,27.4,-5.0,True
111,721044,00448,72104400448|72104499999|99999900448,-96.435,18.38,175.3,-6.0,False
112,718920,99999,71892099999,-123.184,16.92,4.3,-8.0,True
113,722789,03192,72278903192|72278999999|99999903192,-111.923,9.85,436.1,-7.0,True
114,726810,24131,72681024131|72681099999|99999924131,-116.241,3.53,860.5,-7.0,True
115,724010,13740,72401013740|72401099999|99999913740,-77.323,13.67,50.7,-5.0,True
116,722541,53914,72254153914|72254199999|99999953914,-96.59,21.87,173.4,-6.0,True
117,722106,12835,72210612835|72210699999|99999912835,-81.861,15.02,3.8,-5.0,True
118,722589,03991,72258903991|72258999999|99999903991,-97.199,49.77,194.6,-6.0,True
119,723230,03856,72323003856|72323099999|99999903856,-86.786,11.65,190.0,-6.0,True
120,723085,13750,72308513750|72308599999|99999913750,-76.289,4.24,5.2,-5.0,True
121,722026,12826,72202612826|72202699999|99999912826,-80.383,43.77,1.5,-5.0,True
122,727850,24157,72785024157|72785099999|99999924157,-117.528,8.68,717.7,-8.0,True
123,742060,24207,74206024207|74206099999|99999924207,-122.483,11.5,98.2,-8.0,True
124,715380,99999,71538099999,-82.956,2.92,189.6,-5.0,True
125,722886,23130,72288623130|72288699999|99999923130,-118.491,22.76,239.2,-8.0,True
126,745090,23244,74509023244|74509099999|99999923244,-122.048,13.63,11.9,-8.0,True
127,715140,99999,71514099999,-104.667,3.78,577.0,-6.0,True
128,722320,13970,72232013970|72232099999|99999913970,-91.147,10.77,20.4,-6.0,False
129,999999,23122,99999923122,-117.25,6.15,335.0,-8.0,False
130,747040,03102,74704003102|74704099999|99999903102,-117.577,12.25,281.6,-8.0,False
131,724926,23258,72492623258|72492699999|99999923258,-120.955,4.45,26.6,-8.0,True
132,725720,24127,72572024127|72572099999|99999924127,-111.965,2.94,1288.4,-7.0,True
133,722866,99999,72286699999,-117.235,19.29,353.3,-8.0,False
134,725107,04780,72510704780|72510799999|99999904780,-71.757,32.02,102.3,-5.0,True
135,714320,99999,71432099999,-79.217,46.89,79.0,-5.0,False
136,726510,14944,72651014944|72651099999|99999914944,-96.754,4.51,432.4,-6.0,True
137,725037,94745,72503794745|72503799999|99999994745,-73.705,18.78,112.9,-5.0,True
138,725460,14933,72546014933|72546099999|99999914933,-93.653,5.57,286.3,-6.0,True
139,716080,99999,71608099999,-123.183,2.0,2.1,-8.0,True
140,722479,53907,72247953907|72247999999|99999953907,-97.095,7.33,179.7,-6.0,True
141,746930,93737,74693093737|74693099999|99999993737,-78.933,6.69,74.4,-5.0,True
142,723403,13963,72340313963|72340399999|99999913963,-92.236,11.2,76.4,-6.0,True
143,725290,14768,72529014768|72529099999|99999914768,-77.675,7.54,164.5,-5.0,True
144,723630,23047,72363023047|72363099999|99999923047,-101.717,10.52,1099.3,-6.0,True
145,722140,93805,72214093805|72214099999|99999993805,-84.351,11.55,17.1,-5.0,True
146,724466,03929,72446603929|72446699999|99999903929,-94.56,12.37,321.9,-6.0,True
147,722255,93842,72225593842|72225599999|99999993842,-84.942,6.32,120.0,-5.0,True
148,716970,99999,71697099999,-78.895,42.76,139.9,-5.0,False
149,723264,99999,72326499999,-83.874,6.81,253.9,-5.0,False
150,722180,03820,72218003820|72218099999|99999903820,-81.964,10.16,40.9,-5.0,True
151,726350,94860,72635094860|72635099999|99999994860,-85.523,13.93,240.3,-5.0,True
152,722784,03184,72278403184|72278499999|99999903184,-112.066,24.81,453.4,-7.0,True
153,722235,13838,72223513838|72223599999|99999913838,-88.063,7.31,4.9,-6.0,True
154,727924,24223,72792424223|72792499999|99999924223,-122.894,58.11,6.1,-8.0,True
155,723927,93110,72392793110|72392799999|99999993110,-119.204,0.33,11.9,-8.0,True
156,722280,13876,72228013876|72228099999|99999913876,-86.745,6.4,187.7,-6.0,True
157,725070,14765,72507014765|72507099999|99999914765,-71.432,11.18,15.4,-5.0,True
158,722265,13821,72226513821|72226599999|99999913821,-86.35,8.66,52.1,-6.0,True
159,723240,13882,72324013882|72324099999|99999913882,-85.2,5.66,204.0,-5.0,True
160,722500,12919,72250012919|72250099999|99999912919,-97.423,10.08,5.7,-6.0,True
161,722976,03166,72297603166|72297699999|99999903166,-117.986,19.42,26.3,-8.0,True
162,722749,53128,72274953128|72274999999|99999953128,-111.813,17.27,378.9,-7.0,True
163,724303,14813,72430314813|72430399999|99999914813,-81.463,6.88,318.1,-5.0,True
164,746710,13806,74671013806|74671099999|99999913806,-87.483,16.62,174.7,-6.0,True
165,747830,12849,74783012849|74783099999|99999912849,-80.162,7.09,1.0,-5.0,False
166,722880,23152,72288023152|72288099999|99999923152,-118.365,11.15,222.7,-8.0,True
167,722899,03179,72289903179|72289999999|99999903179,-117.625,7.01,193.9,-8.0,True
168,712625,99999,71262599999,-79.172,57.83,97.8,-5.0,True
169,724836,23208,72483623208|72483699999|99999923208,-121.4,28.09,23.5,-8.0,True
170,722201,03723,72220103723|72220199999|99999903723,-79.101,33.46,75.3,-5.0,False
171,723086,93741,72308693741|72308699999|99999993741,-76.494,6.69,10.9,-5.0,True
172,726940,24232,72694024232|72694099999|99999924232,-123.001,2.72,63.4,-8.0,True
173,725300,94846,72530094846|72530099999|99999994846,-87.932,36.84,204.8,-6.0,True
174,724957,23213,72495723213|72495799999|99999923213,-122.811,11.19,36.2,-8.0,True
175,726930,24221,72693024221|72693099999|99999924221,-123.216,11.48,109.0,-8.0,True
176,720329,99999,72032999999,-117.688,11.41,438.6,-8.0,False
177,722037,92809,72203792809|72203799999|99999992809,-80.241,10.04,1.9,-5.0,True
178,722480,13957,72248013957|72248099999|99999913957,-93.824,3.71,69.6,-6.0,True
179,714360,99999,71436099999,-78.363,52.13,191.4,-5.0,True
180,722788,03186,72278803186|72278899999|99999903186,-112.383,28.95,295.1,-7.0,True
181,716110,99999,71611099999,-71.817,12.11,181.0,-5.0,True
182,724769,94035,72476994035|72476999999|99999994035,-105.017,11.65,1528.6,-7.0,True
183,723273,13827,72327313827|72327399999|99999913827,-86.52,19.4,165.5,-6.0,True
184,722906,93112,72290693112|72290699999|99999993112,-117.21,59.9,4.4,-8.0,True
185,747043,03165,74704303165|74704399999|99999903165,-118.033,34.48,90.2,-8.0,True
186,723816,03159,72381603159|72381699999|99999903159,-118.213,6.3,712.6,-8.0,True
187,724400,13995,72440013995|72440099999|99999913995,-93.39,10.02,384.7,-6.0,True
188,722594,53909,72259453909|72259499999|99999953909,-97.32,29.9,215.6,-6.0,True
189,724839,93225,72483993225|72483999999|99999993225,-121.595,25.1,7.5,-8.0,True
190,717300,99999,71730099999,-80.799,18.61,347.8,-5.0,True
191,722570,03933,72257003933|72257099999|99999903933,-97.717,6.32,281.6,-6.0,True
192,723820,23182,72382023182|72382099999|99999923182,-118.083,4.69,764.8,-8.0,True
193,744860,94789,74486094789|74486099999|99999994789,-73.764,45.48,2.7,-5.0,True
194,720333,53175,72033353175|72033399999|99999953175,-117.602,5.24,162.5,-8.0,False
195,724037,93728,72403793728|72403799999|99999993728,-77.183,14.26,22.3,-5.0,True
196,722080,13880,72208013880|72208099999|99999913880,-80.041,10.14,11.8,-5.0,True
197,725930,23233,72593023233|72593099999|99999923233,-121.609,3.66,22.3,-8.0,False
198,724460,03947,72446003947|72446099999|99999903947,-94.731,19.42,307.4,-6.0,True
199,722170,03813,72217003813|72217099999|99999903813,-83.653,13.88,104.5,-5.0,True
200,724927,23285,72492723285|72492799999|99999923285,-121.815,26.48,119.8,-8.0,True
201,722024,12882,72202412882|72202499999|99999912882,-80.283,17.92,1.3,-5.0,True
202,724699,03065,72469903065|72469999999|99999903065,-105.117,22.36,1705.4,-7.0,True
203,724937,23289,72493723289|72493799999|99999923289,-122.117,12.07,2.1,-8.0,True
204,744910,14703,74491014703|74491099999|99999914703,-72.533,9.42,73.5,-5.0,True
205,727930,24233,72793024233|72793099999|99999924233,-122.314,20.71,112.5,-8.0,True
206,711080,99999,71108099999,-122.363,7.52,59.4,-8.0,True
207,725348,04831,72534804831|72534899999|99999904831,-88.085,17.36,201.2,-6.0,False
208,725040,94702,72504094702|72504099999|99999994702,-73.127,6.32,1.8,-5.0,True
209,725345,14834,72534514834|72534599999|99999914834,-88.167,2.46,177.4,-6.0,False
210,720291,53970,72029153970|72029199999|99999953970,-96.531,5.16,136.3,-6.0,False
211,722506,12959,72250612959|72250699999|99999912959,-98.245,5.11,30.1,-6.0,True
212,724475,93909,72447593909|72447599999|99999993909,-94.89,9.01,321.5,-6.0,True
213,717140,99999,71714099999,-71.383,12.72,74.0,-5.0,True
214,722070,03822,72207003822|72207099999|99999903822,-81.202,13.2,8.7,-5.0,True
215,747560,12816,74756012816|74756099999|99999912816,-82.276,6.98,40.7,-5.0,False
216,717750,99999,71775099999,-122.683,15.4,5.0,-8.0,True
217,722436,12906,72243612906|72243699999|99999912906,-95.167,4.5,9.8,-6.0,True
218,722040,12838,72204012838|72204099999|99999912838,-80.636,16.39,6.7,-5.0,True
219,712820,99999,71282099999,-79.217,41.5,221.0,-5.0,False
220,722887,03180,72288703180|72288799999|99999903180,-117.783,5.04,308.2,-8.0,True
221,722560,13959,72256013959|72256099999|99999913959,-97.228,7.59,151.9,-6.0,True
222,720534,00161,72053400161|72053499999|99999900161,-105.05,14.18,1564.2,-7.0,False
223,722650,23023,72265023023|72265099999|99999923023,-102.209,12.4,872.4,-6.0,True
224,725430,94822,72543094822|72543099999|99999994822,-89.093,7.76,221.0,-6.0,True
225,723100,13883,72310013883|72310099999|99999913883,-81.118,22.4,68.3,-5.0,True
226,747020,23110,74702023110|74702099999|99999923110,-119.95,55.81,70.7,-8.0,True
227,745056,53120,74505653120|74505699999|99999953120,-116.916,18.12,422.0,-8.0,True
228,725190,14771,72519014771|72519099999|99999914771,-76.104,8.42,124.9,-5.0,True
229,716170,99999,71617099999,-71.133,5.65,128.0,-5.0,True
230,712030,99999,71203099999,-119.378,9.31,429.5,-8.0,True
231,713520,99999,71352099999,-80.417,18.86,376.0,-5.0,False
232,720734,00264,72073400264|72073499999|99999900264,-116.523,10.42,773.3,-7.0,False
233,723825,23131,72382523131|72382599999|99999923131,-117.383,6.71,879.4,-8.0,False
234,722540,13904,72254013904|72254099999|99999913904,-97.68,38.19,146.3,-6.0,True
235,722350,03940,72235003940|72235099999|99999903940,-90.078,12.68,90.2,-6.0,True
236,725045,14758,72504514758|72504599999|99999914758,-72.889,58.51,1.8,-5.0,True
237,717240,99999,71724099999,-72.5,8.64,6.0,-5.0,True
238,722599,03971,72259903971|72259999999|99999903971,-96.868,42.62,200.4,-6.0,True
239,722030,12844,72203012844|72203099999|99999912844,-80.099,48.75,3.5,-5.0,True
240,725087,14752,72508714752|72508799999|99999914752,-72.651,52.39,4.0,-5.0,True
241,722956,03167,72295603167|72295699999|99999903167,-118.333,37.62,16.6,-8.0,True
242,712970,99999,71297099999,-79.9,37.33,102.0,-5.0,False
243,722955,03174,72295503174|72295599999|99999903174,-118.34,3.42,29.6,-8.0,True
244,722869,03171,72286903171|72286999999|99999903171,-117.435,43.47,257.7,-8.0,True
245,725450,14990,72545014990|72545099999|99999914990,-91.725,9.79,256.0,-6.0,True
246,725755,24101,72575524101|72575599999|99999924101,-111.967,47.8,1459.7,-7.0,True
247,745980,13702,74598013702|74598099999|99999913702,-76.36,6.79,3.1,-5.0,True
248,725377,14804,72537714804|72537799999|99999914804,-82.818,21.24,176.8,-5.0,True
249,725287,04724,72528704724|72528799999|99999904724,-78.938,27.31,178.3,-5.0,True
250,724290,93815,72429093815|72429099999|99999993815,-84.219,13.58,302.6,-5.0,True
251,727530,14914,72753014914|72753099999|99999914914,-96.812,6.72,272.8,-6.0,True
252,745057,53130,74505753130|74505799999|99999953130,-118.413,27.56,305.7,-8.0,True
253,727934,94248,72793494248|72793499999|99999994248,-122.214,11.67,5.5,-8.0,True
254,747390,13961,74739013961|74739099999|99999913961,-97.364,47.02,213.6,-6.0,False
255,725370,94847,72537094847|72537099999|99999994847,-83.331,46.11,191.9,-5.0,True
256,711710,99999,71171099999,-79.4,56.24,79.0,-5.0,False
257,727976,24217,72797624217|72797699999|99999924217,-122.541,33.19,45.9,-8.0,True
258,716200,99999,71620099999,-76.597,9.41,93.0,-5.0,True
259,722660,13962,72266013962|72266099999|99999913962,-99.682,7.15,544.8,-6.0,True
260,723540,13919,72354013919|72354099999|99999913919,-97.383,19.91,393.5,-6.0,True
261,724450,03945,72445003945|72445099999|99999903945,-92.215,17.4,272.2,-6.0,True
262,722420,12923,72242012923|72242099999|99999912923,-94.864,54.65,1.5,-6.0,True
263,723897,99999,72389799999,-119.82,16.28,84.7,-8.0,False
264,720606,00198,72060600198|72060699999|99999900198,-80.003,24.8,5.2,-5.0,False
265,723110,13873,72311013873|72311099999|99999913873,-83.327,3.98,239.0,-5.0,True
266,747460,03904,74746003904|74746099999|99999903904,-96.363,6.41,96.0,-6.0,False
267,722022,12803,72202212803|72202299999|99999912803,-80.108,40.87,4.0,-5.0,False
268,723020,13748,72302013748|72302099999|99999913748,-77.9,6.56,7.0,-5.0,False
269,725170,14737,72517014737|72517099999|99999914737,-75.448,6.77,117.4,-5.0,True
270,724560,13996,72456013996|72456099999|99999913996,-95.626,7.35,268.1,-6.0,True
271,747880,12810,74788012810|74788099999|99999912810,-82.517,59.76,4.3,-5.0,True
272,720644,00226,72064400226|72064499999|99999900226,-112.683,4.17,311.2,-7.0,False
273,723564,53908,72356453908|72356499999|99999953908,-95.99,18.8,189.1,-6.0,True
274,723910,93111,72391093111|72391099999|99999993111,-119.123,37.94,3.8,-8.0,True
275,726440,14925,72644014925|72644099999|99999914925,-92.492,12.31,397.9,-6.0,True
276,722405,13976,72240513976|72240599999|99999913976,-91.99,3.73,10.8,-6.0,True
277,724955,93227,72495593227|72495599999|99999993227,-122.28,11.35,4.7,-8.0,True
278,745160,23202,74516023202|74516099999|99999923202,-121.933,33.33,18.9,-8.0,True
279,720533,00160,72053300160|72053399999|99999900160,-105.217,22.88,1612.1,-7.0,False
280,722648,03031,72264803031|72264899999|99999903031,-102.387,6.33,909.3,-6.0,False
281,725059,14702,72505914702|72505999999|99999914702,-71.289,17.45,40.5,-5.0,True
282,722416,12971,72241612971|72241699999|99999912971,-98.046,6.76,197.6,-6.0,True
283,724828,93241,72482893241|72482899999|99999993241,-121.959,14.4,31.7,-8.0,False
284,725376,14853,72537614853|72537699999|99999914853,-83.526,17.41,215.7,-5.0,True
285,723926,23136,72392623136|72392699999|99999923136,-119.088,19.76,21.6,-8.0,True
286,725080,14740,72508014740|72508099999|99999914740,-72.682,19.02,51.6,-5.0,True
287,724950,23254,72495023254|72495099999|99999923254,-122.053,25.73,7.0,-8.0,False
288,720306,53879,72030653879|72030699999|99999953879,-94.371,14.27,304.8,-6.0,False
289,716310,99999,71631099999,-80.75,58.32,415.0,-5.0,True
290,726770,24033,72677024033|72677099999|99999924033,-108.546,2.11,1094.3,-7.0,True
291,722079,53888,72207953888|72207999999|99999953888,-80.304,36.48,223.4,-5.0,False
292,726837,24162,72683724162|72683799999|99999924162,-117.008,59.42,666.8,-7.0,True
293,743945,14710,74394514710|74394599999|99999914710,-71.436,33.69,69.8,-5.0,True
294,715240,99999,71524099999,-73.433,21.36,21.0,-5.0,False
295,722427,12975,72242712975|72242799999|99999912975,-95.242,13.26,11.9,-6.0,False
296,722444,53902,72244453902|72244499999|99999953902,-95.418,7.33,69.4,-6.0,True
297,725850,93228,72585093228|72585099999|99999993228,-122.115,45.67,13.1,-8.0,False
298,720687,99999,72068799999,-117.017,16.21,460.9,-8.0,False
299,722143,53975,72214353975|72214399999|99999953975,-96.719,43.74,152.7,-6.0,False
300,717830,99999,71783099999,-123.3,8.19,60.0,-8.0,True
301,722049,92805,72204992805|72204999999|99999992805,-80.111,2.33,4.6,-5.0,True
302,723640,99999,72364099999,-106.703,50.31,1253.6,-7.0,False
303,726050,14745,72605014745|72605099999|99999914745,-71.503,24.93,103.2,-5.0,True
304,A00028,04116,A0002804116|A0002899999|99999904116,-111.993,1.95,1403.0,-7.0,False
305,720538,00164,72053800164|72053899999|99999900164,-105.167,33.14,1541.1,-7.0,False
306,724320,93817,72432093817|72432099999|99999993817,-87.515,7.14,122.5,-6.0,True
307,725029,64707,72502964707|72502999999|99999964707,-73.133,11.61,221.3,-5.0,True
308,725305,94892,72530594892|72530599999|99999994892,-88.251,17.05,228.3,-6.0,True
309,724768,24051,72476824051|72476899999|99999924051,-104.632,12.02,1431.7,-7.0,True
310,722934,53121,72293453121|72293499999|99999953121,-117.35,36.6,9.1,-8.0,True
311,720406,00135,72040600135|72040699999|99999900135,-122.55,27.54,1.2,-8.0,False
312,722132,63801,72213263801|72213299999|99999963801,-80.707,6.48,214.9,-5.0,False
313,725724,24174,72572424174|72572499999|99999924174,-111.723,7.23,1370.7,-7.0,True
314,723647,03034,72364703034|72364799999|99999903034,-106.795,17.86,1779.1,-7.0,False
315,722116,12873,72211612873|72211699999|99999912873,-82.686,11.17,0.1,-5.0,True
316,722286,93806,72228693806|72228699999|99999993806,-87.616,8.53,45.3,-6.0,True
317,722927,03177,72292703177|72292799999|99999903177,-117.277,49.93,95.3,-8.0,True
318,725390,14836,72539014836|72539099999|99999914836,-84.6,7.56,261.2,-5.0,True
319,722448,13972,72244813972|72244899999|99999913972,-95.404,10.27,159.5,-6.0,True
320,722039,12885,72203912885|72203999999|99999912885,-80.178,28.57,3.5,-5.0,True
321,727937,24222,72793724222|72793799999|99999924222,-122.283,8.39,167.1,-8.0,True
322,724390,93822,72439093822|72439099999|99999993822,-89.684,6.88,179.7,-6.0,True
323,722410,12917,72241012917|72241099999|99999912917,-94.026,18.72,3.8,-6.0,True
324,722270,13864,72227013864|72227099999|99999913864,-84.517,31.87,325.5,-5.0,True
325,722928,00369,72292800369|72292899999|99999900369,-117.456,23.65,27.1,-8.0,False
326,720839,00279,72083900279|72083999999|99999900279,-119.876,17.2,1540.2,-8.0,False
327,726985,24242,72698524242|72698599999|99999924242,-122.41,5.95,7.5,-8.0,True
328,723940,23273,72394023273|72394099999|99999923273,-120.452,4.41,74.2,-8.0,True
329,726986,94261,72698694261|72698699999|99999994261,-122.956,2.85,59.8,-8.0,True
330,725320,14842,72532014842|72532099999|99999914842,-89.684,10.97,199.7,-6.0,True
331,722029,12888,72202912888|72202999999|99999912888,-80.435,50.93,1.8,-5.0,True
332,763503,99999,76350399999,-98.229,35.22,42.4,-6.0,True
333,712500,99999,71250099999,-52.783,13.38,110.0,-3.5,False
334,724640,93058,72464093058|72464099999|99999993058,-104.506,9.41,1424.5,-7.0,True
335,723925,23190,72392523190|72392599999|99999923190,-119.842,56.69,2.5,-8.0,True
336,720672,00485,72067200485|72067299999|99999900485,-81.206,8.54,10.1,-5.0,False
337,710720,99999,71072099999,-89.317,6.21,199.0,-5.0,False
338,724754,23186,72475423186|72475499999|99999923186,-113.6,3.3,894.9,-7.0,True
339,724666,93067,72466693067|72466699999|99999993067,-104.848,3.69,1789.2,-7.0,True
340,722885,93197,72288593197|72288599999|99999993197,-118.447,30.57,53.3,-8.0,True
341,717840,99999,71784099999,-123.2,33.45,168.0,-8.0,True
342,727855,24114,72785524114|72785599999|99999924114,-117.65,31.44,750.1,-8.0,True
343,722543,12977,72254312977|72254399999|99999912977,-95.657,3.77,23.5,-6.0,True
344,724468,03967,72446803967|72446899999|99999903967,-94.739,31.68,327.3,-6.0,True
345,726887,99999,72688799999,-121.453,23.2,1269.2,-8.0,False
346,722866,23122,72286623122|72286699999|99999923122,-117.235,23.77,353.3,-8.0,False
347,722576,03902,72257603902|72257699999|99999903902,-97.833,46.17,309.4,-6.0,True
348,726450,14898,72645014898|72645099999|99999914898,-88.137,12.79,208.6,-6.0,True
349,723445,93993,72344593993|72344599999|99999993993,-94.168,6.83,377.1,-6.0,True
350,725098,54704,72509854704|72509899999|99999954704,-71.173,17.18,13.0,-5.0,True
351,720575,00173,72057500173|72057599999|99999900173,-86.251,11.38,281.0,-5.0,False
352,725373,54819,72537354819|72537399999|99999954819,-83.161,24.16,178.9,-5.0,True
353,740035,03145,74003503145|74003599999|99999903145,-114.617,17.34,64.9,-7.0,False
354,725910,24216,72591024216|72591099999|99999924216,-122.255,57.44,108.1,-8.0,True
355,722196,53863,72219653863|72219699999|99999953863,-84.298,8.84,298.4,-5.0,True
356,727938,94274,72793894274|72793899999|99999994274,-122.576,37.17,88.4,-8.0,True
357,724384,53842,72438453842|72438499999|99999953842,-86.296,31.82,247.4,-5.0,True
358,723083,13763,72308313763|72308399999|99999913763,-76.903,23.91,12.5,-5.0,True
359,715730,99999,71573099999,-80.55,39.27,232.0,-5.0,False
360,725088,54733,72508854733|72508899999|99999954733,-70.915,12.74,27.6,-5.0,True
361,713070,99999,71307099999,-81.883,21.19,206.0,-5.0,False
362,720576,00174,72057600174|72057699999|99999900174,-121.783,25.24,21.0,-8.0,False
363,724938,93231,72493893231|72493899999|99999993231,-122.25,7.19,1.5,-8.0,True
364,725350,14848,72535014848|72535099999|99999914848,-86.316,5.17,235.4,-5.0,True
365,720952,99999,72095299999,-117.675,37.85,920.5,-8.0,False
366,723513,99999,72351399999,-98.483,7.79,310.6,-6.0,True
367,724946,93232,72494693232|72494699999|99999993232,-121.817,54.39,40.5,-8.0,True
368,725065,94726,72506594726|72506599999|99999994726,-70.959,2.63,22.5,-5.0,True
369,722909,93115,72290993115|72290999999|99999993115,-117.117,29.83,7.2,-8.0,True
370,725180,14735,72518014735|72518099999|99999914735,-73.799,9.04,85.4,-5.0,True
371,722038,12897,72203812897|72203899999|99999912897,-81.775,51.77,2.0,-5.0,True
372,714310,99999,71431099999,-78.167,39.49,78.0,-5.0,True
373,720646,00228,72064600228|72064699999|99999900228,-122.501,21.22,20.1,-8.0,False
374,722783,03185,72278303185|72278399999|99999903185,-111.721,58.94,423.3,-7.0,True
375,718780,99999,71878099999,-113.9,13.03,904.6,-7.0,True
376,722630,23034,72263023034|72263099999|99999923034,-100.495,10.77,582.4,-6.0,True
377,723537,53913,72353753913|72353799999|99999953913,-97.414,19.81,324.6,-6.0,True
378,744550,94982,74455094982|74455099999|99999994982,-90.595,6.29,227.5,-6.0,False
379,722057,12854,72205712854|72205799999|99999912854,-81.244,14.28,14.9,-5.0,True
380,717720,99999,71772099999,-123.8,11.97,5.0,-8.0,True
381,727920,24227,72792024227|72792099999|99999924227,-122.905,57.01,60.9,-8.0,True
382,724810,23203,72481023203|72481099999|99999923203,-120.567,11.68,58.2,-8.0,False
383,726400,14839,72640014839|72640099999|99999914839,-87.905,40.91,203.3,-6.0,True
384,712380,99999,71238099999,-112.867,19.57,713.7,-7.0,True
385,724110,13741,72411013741|72411099999|99999913741,-79.974,4.51,346.8,-5.0,True
386,722577,93984,72257793984|72257799999|99999993984,-97.417,5.7,207.9,-6.0,True
387,712670,99999,71267099999,-112.8,6.8,929.0,-7.0,False
388,722931,93107,72293193107|72293199999|99999993107,-117.133,37.19,145.4,-8.0,False
389,718870,99999,71887099999,-120.444,3.44,345.3,-8.0,True
390,713720,99999,71372099999,-73.333,4.81,44.0,-5.0,True
391,727918,94298,72791894298|72791899999|99999994298,-122.654,20.34,6.6,-8.0,True
392,727810,24243,72781024243|72781099999|99999924243,-120.535,3.19,321.0,-8.0,True
393,727928,94263,72792894263|72792899999|99999994263,-122.767,48.44,135.3,-8.0,True
394,723087,93735,72308793735|72308799999|99999993735,-76.6,37.31,3.7,-5.0,True
395,722118,00482,72211800482|72211899999|99999900482,-82.44,24.01,5.8,-5.0,False
396,723067,93726,72306793726|72306799999|99999993726,-77.633,38.86,28.7,-5.0,True
397,714730,99999,71473099999,-123.033,41.38,24.0,-8.0,True
398,724565,13920,72456513920|72456599999|99999913920,-95.651,33.4,315.1,-6.0,True
399,724345,03966,72434503966|72434599999|99999903966,-90.656,14.6,139.5,-6.0,True
400,725103,14712,72510314712|72510399999|99999914712,-75.959,4.67,101.3,-5.0,True
401,747917,00390,74791700390|74791799999|99999900390,-79.783,12.75,4.3,-5.0,False
402,720572,99999,72057299999,-112.351,45.99,1316.1,-7.0,False
403,725068,54777,72506854777|72506899999|99999954777,-71.021,17.82,8.6,-5.0,True
404,720565,99999,72056599999,-111.429,30.71,1718.2,-7.0,False
405,722903,03131,72290303131|72290399999|99999903131,-117.137,35.44,127.5,-8.0,True
406,725086,54734,72508654734|72508699999|99999954734,-73.483,31.5,138.0,-5.0,True
407,714630,99999,71463099999,-79.25,23.77,184.0,-5.0,True
408,747187,03104,74718703104|74718799999|99999903104,-116.164,12.93,-36.0,-8.0,True
409,725920,24257,72592024257|72592099999|99999924257,-122.298,8.46,152.6,-8.0,True
410,717070,99999,71707099999,-60.05,22.84,61.9,-4.0,True
411,720507,99999,72050799999,-86.926,12.85,213.1,-6.0,False
412,723150,03812,72315003812|72315099999|99999903812,-82.538,15.51,645.6,-5.0,True
413,711130,99999,71113099999,-121.767,23.89,19.0,-8.0,False
414,720113,54829,72011354829|72011399999|99999954829,-83.178,22.74,218.2,-5.0,False
415,743946,54754,74394654754|74394699999|99999954754,-71.517,4.35,61.0,-5.0,True
416,724177,13734,72417713734|72417799999|99999913734,-77.975,48.5,165.0,-5.0,True
417,720303,53973,72030353973|72030399999|99999953973,-96.622,32.47,86.9,-6.0,False
418,724837,93216,72483793216|72483799999|99999993216,-121.433,57.67,34.4,-8.0,True
419,714735,99999,71473599999,-123.33,2.24,5.0,-8.0,True
420,725260,14860,72526014860|72526099999|99999914860,-80.182,9.83,222.2,-5.0,True
421,716120,99999,71612099999,-73.567,10.48,73.0,-5.0,False
422,724095,14792,72409514792|72409599999|99999914792,-74.816,7.4,57.9,-5.0,True
423,747812,63813,74781263813|74781299999|99999963813,-84.599,23.05,317.0,-5.0,False
424,725315,94870,72531594870|72531599999|99999994870,-88.275,9.13,226.5,-6.0,True
425,720542,00166,72054200166|72054299999|99999900166,-97.967,13.03,375.2,-6.0,False
426,710420,99999,71042099999,-123.0,36.92,3.0,-8.0,False
427,723440,13964,72344013964|72344099999|99999913964,-94.365,1.89,136.7,-6.0,True
428,744904,94723,74490494723|74490499999|99999994723,-71.126,42.82,41.5,-5.0,True
429,723434,03973,72343403973|72343499999|99999903973,-94.119,3.66,412.4,-6.0,True
430,723550,13945,72355013945|72355099999|99999913945,-98.4,4.14,362.4,-6.0,True
431,723271,99999,72327199999,-86.887,29.96,150.9,-6.0,False
432,723656,23049,72365623049|72365699999|99999923049,-106.096,11.77,1916.3,-7.0,True
433,722748,03914,72274803914|72274899999|99999903914,-111.767,35.22,445.6,-7.0,True
434,725750,24126,72575024126|72575099999|99999924126,-112.017,5.6,1356.1,-7.0,True
435,726055,04743,72605504743|72605599999|99999904743,-70.817,50.97,30.5,-5.0,True
436,726579,94963,72657994963|72657999999|99999994963,-93.471,12.29,275.7,-6.0,True
437,725036,14757,72503614757|72503699999|99999914757,-73.882,42.07,46.6,-5.0,True
438,720276,12983,72027612983|72027699999|99999912983,-98.129,32.9,24.4,-6.0,False
439,726375,94817,72637594817|72637599999|99999994817,-83.41,23.36,295.4,-5.0,True
440,747870,12834,74787012834|74787099999|99999912834,-81.072,3.06,7.9,-5.0,False
441,727845,24163,72784524163|72784599999|99999924163,-119.118,9.2,122.1,-8.0,True
442,727450,14913,72745014913|72745099999|99999914913,-92.187,8.72,433.4,-6.0,True
443,712110,99999,71211099999,-123.3,25.36,5.0,-8.0,True
444,713140,99999,71314099999,-79.55,48.35,289.0,-5.0,False
445,725347,14880,72534714880|72534799999|99999914880,-87.863,6.21,216.5,-6.0,True
446,722175,13860,72217513860|72217599999|99999913860,-83.6,6.44,89.6,-5.0,True
447,724833,23206,72483323206|72483399999|99999923206,-121.3,5.66,30.2,-8.0,False
448,747950,12867,74795012867|74795099999|99999912867,-80.6,14.95,2.4,-5.0,True
449,723147,53870,72314753870|72314799999|99999953870,-81.156,6.35,241.5,-5.0,False
450,722440,12918,72244012918|72244099999|99999912918,-95.282,33.13,13.2,-6.0,False
451,725970,24225,72597024225|72597099999|99999924225,-122.877,4.81,400.3,-8.0,True
452,723762,93244,72376293244|72376299999|99999993244,-120.076,40.17,204.5,-8.0,False
453,725570,14943,72557014943|72557099999|99999914943,-96.379,11.53,332.8,-6.0,True
454,720614,00205,72061400205|72061499999|99999900205,-121.351,24.44,37.2,-8.0,False
455,720388,00469,72038800469|72038899999|99999900469,-122.287,23.04,164.3,-8.0,False
456,719050,99999,71905099999,-74.033,44.02,82.3,-5.0,True
457,725053,94728,72505394728|72505399999|99999994728,-73.969,22.62,42.7,-5.0,False
458,722053,12841,72205312841|72205399999|99999912841,-81.335,28.34,31.7,-5.0,True
459,749484,00395,74948400395|74948499999|99999900395,-121.597,55.41,86.3,-8.0,False
460,720567,24180,72056724180|72056799999|99999924180,-112.062,53.44,1288.1,-7.0,False
461,722250,13829,72225013829|72225099999|99999913829,-84.991,55.69,70.7,-6.0,True
462,725054,64710,72505464710|72505499999|99999964710,-71.491,16.83,134.4,-5.0,True
463,722593,03985,72259303985|72259399999|99999903985,-97.308,17.57,213.4,-6.0,False
464,725074,54752,72507454752|72507499999|99999954752,-71.412,11.82,5.8,-5.0,True
465,745310,93065,74531093065|74531099999|99999993065,-104.817,45.61,2003.2,-7.0,True
466,726575,94960,72657594960|72657599999|99999994960,-93.351,5.44,263.4,-6.0,True
467,724363,13803,72436313803|72436399999|99999913803,-85.9,54.99,200.0,-5.0,True
468,723407,03953,72340703953|72340799999|99999903953,-90.644,3.64,78.9,-6.0,True
469,725374,94889,72537494889|72537499999|99999994889,-83.74,41.73,250.6,-5.0,True
470,722470,03901,72247003901|72247099999|99999903901,-94.714,15.03,107.3,-6.0,True
471,727884,99999,72788499999,-119.304,14.71,120.1,-8.0,False
472,722404,13941,72240413941|72240499999|99999913941,-93.143,6.63,5.2,-6.0,True
473,727945,04205,72794504205|72794599999|99999904205,-122.159,53.81,41.8,-8.0,True
474,725418,54823,72541854823|72541899999|99999954823,-83.435,42.4,186.5,-5.0,True
475,744665,04838,74466504838|74466599999|99999904838,-87.905,33.02,191.6,-6.0,False
476,726603,04974,72660304974|72660399999|99999904974,-93.033,10.21,249.9,-6.0,True
477,724100,13733,72410013733|72410099999|99999913733,-79.206,8.72,274.9,-5.0,True
478,720374,92825,72037492825|72037499999|99999992825,-82.449,31.96,2.4,-5.0,False
479,726625,24006,72662524006|72662599999|99999924006,-103.1,12.87,999.1,-7.0,True
480,746936,03712,74693603712|74693699999|99999903712,-78.734,40.74,60.4,-5.0,False
481,747808,63803,74780863803|74780899999|99999963803,-83.963,22.96,323.4,-5.0,False
482,713770,99999,71377099999,-73.917,43.16,39.0,-5.0,False
483,720324,64753,72032464753|72032499999|99999964753,-75.382,21.32,160.3,-5.0,False
484,720305,53964,72030553964|72030599999|99999953964,-97.581,49.73,319.1,-6.0,False
485,717050,99999,71705099999,-64.679,10.44,70.7,-4.0,True
486,726370,14826,72637014826|72637099999|99999914826,-83.75,7.94,234.9,-5.0,True
487,726562,04943,72656204943|72656299999|99999904943,-93.228,5.67,292.6,-6.0,True
488,719670,99999,71967099999,-72.533,6.9,85.0,-5.0,True
489,722547,53942,72254753942|72254799999|99999953942,-97.679,23.04,239.9,-6.0,True
490,726577,94974,72657794974|72657799999|99999994974,-93.217,23.96,278.0,-6.0,True
491,719140,99999,71914099999,-123.117,51.1,178.0,-8.0,False
492,727730,24153,72773024153|72773099999|99999924153,-114.094,7.31,973.8,-7.0,True
493,722195,03888,72219503888|72219599999|99999903888,-84.525,6.18,245.0,-5.0,True
494,724397,54831,72439754831|72439799999|99999954831,-88.95,1.87,263.7,-6.0,True
495,745058,23277,74505823277|74505899999|99999923277,-121.79,55.67,49.5,-8.0,True
496,726360,14840,72636014840|72636099999|99999914840,-86.237,53.21,190.3,-5.0,True
497,725210,14895,72521014895|72521099999|99999914895,-81.443,57.03,368.8,-5.0,True
498,721046,00460,72104600460|72104699999|99999900460,-90.941,22.76,4.6,-6.0,False
499,746716,93808,74671693808|74671699999|99999993808,-86.424,1.57,159.3,-6.0,True
